emp_id,holiday_code
EMP-00001,0
EMP-00002,1
EMP-00003,0
EMP-00004,0
EMP-00005,1
EMP-00006,2
EMP-00007,0
EMP-00008,0
EMP-00009,0
EMP-00010,0
EMP-00011,1
EMP-00012,0
EMP-00013,0
EMP-00014,0
EMP-00015,1
EMP-00016,0
EMP-00017,0
EMP-00018,0
EMP-00019,0
EMP-00020,0
EMP-00021,0
EMP-00022,3
EMP-00023,0
EMP-00024,0
EMP-00025,0
EMP-00026,0
EMP-00027,0
EMP-00028,0
EMP-00029,0
EMP-00030,0
EMP-00031,0
EMP-00032,0
EMP-00033,0
EMP-00034,0
EMP-00035,0
EMP-00036,0
EMP-00037,0
EMP-00038,0
EMP-00039,0
EMP-00040,1
EMP-00041,0
EMP-00042,0
EMP-00043,0
EMP-00044,0
EMP-00045,0
EMP-00046,0
EMP-00047,0
EMP-00048,0
EMP-00049,0
EMP-00050,0
EMP-00051,0
EMP-00052,0
EMP-00053,0
EMP-00054,0
EMP-00055,0
EMP-00056,1
EMP-00057,0
EMP-00058,0
EMP-00059,0
EMP-00060,0
EMP-00061,0
EMP-00062,0
EMP-00063,0
EMP-00064,0
EMP-00065,0
EMP-00066,0
EMP-00067,0
EMP-00068,0
EMP-00069,0
EMP-00070,1
EMP-00071,0
EMP-00072,0
EMP-00073,0
EMP-00074,0
EMP-00075,0
EMP-00076,0
EMP-00077,0
EMP-00078,0
EMP-00079,0
EMP-00080,0
EMP-00081,0
EMP-00082,0
EMP-00083,0
EMP-00084,0
EMP-00085,0
EMP-00086,0
EMP-00087,3
EMP-00088,0
EMP-00089,0
EMP-00090,0
EMP-00091,0
EMP-00092,3
EMP-00093,1
EMP-00094,4
EMP-00095,4
EMP-00096,0
EMP-00097,0
EMP-00098,0
EMP-00099,0
EMP-00100,0
EMP-00101,0
EMP-00102,0
EMP-00103,1
EMP-00104,1
EMP-00105,0
EMP-00106,0
EMP-00107,0
EMP-00108,0
EMP-00109,0
EMP-00110,0
EMP-00111,0
EMP-00112,2
EMP-00113,0
EMP-00114,0
EMP-00115,2
EMP-00116,0
EMP-00117,0
EMP-00118,0
EMP-00119,0
EMP-00120,0
EMP-00121,0
EMP-00122,0
EMP-00123,0
EMP-00124,0
EMP-00125,0
EMP-00126,0
EMP-00127,0
EMP-00128,0
EMP-00129,0
EMP-00130,0
EMP-00131,0
EMP-00132,0
EMP-00133,0
EMP-00134,1
EMP-00135,4
EMP-00136,0
EMP-00137,4
EMP-00138,0
EMP-00139,1
EMP-00140,1
EMP-00141,0
EMP-00142,0
EMP-00143,2
EMP-00144,3
EMP-00145,0
EMP-00146,0
EMP-00147,0
EMP-00148,0
EMP-00149,0
EMP-00150,0
EMP-00151,0
EMP-00152,0
EMP-00153,0
EMP-00154,0
EMP-00155,0
EMP-00156,0
EMP-00157,0
EMP-00158,3
EMP-00159,0
EMP-00160,2
EMP-00161,1
EMP-00162,0
EMP-00163,0
EMP-00164,0
EMP-00165,2
EMP-00166,0
EMP-00167,0
EMP-00168,0
EMP-00169,0
EMP-00170,0
EMP-00171,0
EMP-00172,0
EMP-00173,0
EMP-00174,0
EMP-00175,3
EMP-00176,0
EMP-00177,0
EMP-00178,2
EMP-00179,0
EMP-00180,0
EMP-00181,0
EMP-00182,0
EMP-00183,0
EMP-00184,0
EMP-00185,0
EMP-00186,0
EMP-00187,0
EMP-00188,1
EMP-00189,0
EMP-00190,0
EMP-00191,1
EMP-00192,3
EMP-00193,0
EMP-00194,0
EMP-00195,1
EMP-00196,0
EMP-00197,0
EMP-00198,0
EMP-00199,0
EMP-00200,0
EMP-00201,0
EMP-00202,0
EMP-00203,0
EMP-00204,0
EMP-00205,0
EMP-00206,0
EMP-00207,0
EMP-00208,1
EMP-00209,2
EMP-00210,0
EMP-00211,0
EMP-00212,0
EMP-00213,0
EMP-00214,0
EMP-00215,0
EMP-00216,0
EMP-00217,3
EMP-00218,3
EMP-00219,0
EMP-00220,0
EMP-00221,0
EMP-00222,0
EMP-00223,0
EMP-00224,2
EMP-00225,0
EMP-00226,0
EMP-00227,0
EMP-00228,0
EMP-00229,0
EMP-00230,0
EMP-00231,0
EMP-00232,0
EMP-00233,0
EMP-00234,4
EMP-00235,0
EMP-00236,0
EMP-00237,1
EMP-00238,1
EMP-00239,0
EMP-00240,0
EMP-00241,0
EMP-00242,0
EMP-00243,3
EMP-00244,1
EMP-00245,0
EMP-00246,1
EMP-00247,0
EMP-00248,0
EMP-00249,0
EMP-00250,0
EMP-00251,0
EMP-00252,0
EMP-00253,0
EMP-00254,2
EMP-00255,3
EMP-00256,0
EMP-00257,0
EMP-00258,0
EMP-00259,0
EMP-00260,3
EMP-00261,0
EMP-00262,1
EMP-00263,0
EMP-00264,0
EMP-00265,0
EMP-00266,0
EMP-00267,0
EMP-00268,0
EMP-00269,0
EMP-00270,0
EMP-00271,0
EMP-00272,0
EMP-00273,0
EMP-00274,0
EMP-00275,2
EMP-00276,0
EMP-00277,0
EMP-00278,0
EMP-00279,0
EMP-00280,1
EMP-00281,2
EMP-00282,0
EMP-00283,0
EMP-00284,0
EMP-00285,1
EMP-00286,0
EMP-00287,0
EMP-00288,1
EMP-00289,0
EMP-00290,0
EMP-00291,0
EMP-00292,0
EMP-00293,1
EMP-00294,1
EMP-00295,2
EMP-00296,0
EMP-00297,0
EMP-00298,0
EMP-00299,0
EMP-00300,0
EMP-00301,1
EMP-00302,0
EMP-00303,0
EMP-00304,0
EMP-00305,1
EMP-00306,0
EMP-00307,0
EMP-00308,0
EMP-00309,0
EMP-00310,0
EMP-00311,0
EMP-00312,0
EMP-00313,0
EMP-00314,3
EMP-00315,0
EMP-00316,0
EMP-00317,0
EMP-00318,2
EMP-00319,0
EMP-00320,0
EMP-00321,0
EMP-00322,0
EMP-00323,0
EMP-00324,0
EMP-00325,0
EMP-00326,0
EMP-00327,0
EMP-00328,0
EMP-00329,0
EMP-00330,0
EMP-00331,0
EMP-00332,0
EMP-00333,0
EMP-00334,1
EMP-00335,0
EMP-00336,0
EMP-00337,0
EMP-00338,0
EMP-00339,0
EMP-00340,0
EMP-00341,0
EMP-00342,0
EMP-00343,0
EMP-00344,0
EMP-00345,0
EMP-00346,0
EMP-00347,0
EMP-00348,0
EMP-00349,1
EMP-00350,0
EMP-00351,0
EMP-00352,3
EMP-00353,1
EMP-00354,3
EMP-00355,0
EMP-00356,0
EMP-00357,0
EMP-00358,0
EMP-00359,1
EMP-00360,0
EMP-00361,1
EMP-00362,0
EMP-00363,0
EMP-00364,1
EMP-00365,0
EMP-00366,0
EMP-00367,0
EMP-00368,0
EMP-00369,0
EMP-00370,1
EMP-00371,3
EMP-00372,0
EMP-00373,0
EMP-00374,0
EMP-00375,0
EMP-00376,0
EMP-00377,2
EMP-00378,0
EMP-00379,0
EMP-00380,0
EMP-00381,0
EMP-00382,2
EMP-00383,1
EMP-00384,0
EMP-00385,0
EMP-00386,0
EMP-00387,0
EMP-00388,0
EMP-00389,0
EMP-00390,0
EMP-00391,1
EMP-00392,0
EMP-00393,0
EMP-00394,0
EMP-00395,0
EMP-00396,0
EMP-00397,0
EMP-00398,0
EMP-00399,0
EMP-00400,0
EMP-00401,0
EMP-00402,0
EMP-00403,0
EMP-00404,0
EMP-00405,0
EMP-00406,0
EMP-00407,0
EMP-00408,0
EMP-00409,0
EMP-00410,2
EMP-00411,0
EMP-00412,1
EMP-00413,0
EMP-00414,0
EMP-00415,0
EMP-00416,0
EMP-00417,0
EMP-00418,0
EMP-00419,0
EMP-00420,2
EMP-00421,3
EMP-00422,3
EMP-00423,0
EMP-00424,0
EMP-00425,0
EMP-00426,0
EMP-00427,0
EMP-00428,0
EMP-00429,0
EMP-00430,0
EMP-00431,0
EMP-00432,0
EMP-00433,0
EMP-00434,1
EMP-00435,0
EMP-00436,0
EMP-00437,0
EMP-00438,0
EMP-00439,0
EMP-00440,0
EMP-00441,2
EMP-00442,0
EMP-00443,0
EMP-00444,3
EMP-00445,0
EMP-00446,0
EMP-00447,0
EMP-00448,0
EMP-00449,0
EMP-00450,0
EMP-00451,0
EMP-00452,0
EMP-00453,0
EMP-00454,0
EMP-00455,3
EMP-00456,0
EMP-00457,0
EMP-00458,0
EMP-00459,3
EMP-00460,0
EMP-00461,0
EMP-00462,0
EMP-00463,0
EMP-00464,1
EMP-00465,0
EMP-00466,0
EMP-00467,0
EMP-00468,0
EMP-00469,0
EMP-00470,0
EMP-00471,0
EMP-00472,0
EMP-00473,0
EMP-00474,3
EMP-00475,0
EMP-00476,1
EMP-00477,0
EMP-00478,0
EMP-00479,0
EMP-00480,0
EMP-00481,0
EMP-00482,0
EMP-00483,0
EMP-00484,0
EMP-00485,0
EMP-00486,2
EMP-00487,0
EMP-00488,0
EMP-00489,0
EMP-00490,0
EMP-00491,0
EMP-00492,0
EMP-00493,0
EMP-00494,0
EMP-00495,0
EMP-00496,0
EMP-00497,0
EMP-00498,0
EMP-00499,0
EMP-00500,0
EMP-00501,0
EMP-00502,0
EMP-00503,0
EMP-00504,0
EMP-00505,0
EMP-00506,0
EMP-00507,0
EMP-00508,0
EMP-00509,3
EMP-00510,0
EMP-00511,2
EMP-00512,0
EMP-00513,2
EMP-00514,0
EMP-00515,0
EMP-00516,0
EMP-00517,0
EMP-00518,0
EMP-00519,1
EMP-00520,0
EMP-00521,2
EMP-00522,0
EMP-00523,0
EMP-00524,0
EMP-00525,0
EMP-00526,0
EMP-00527,2
EMP-00528,0
EMP-00529,0
EMP-00530,0
EMP-00531,0
EMP-00532,0
EMP-00533,1
EMP-00534,0
EMP-00535,0
EMP-00536,0
EMP-00537,0
EMP-00538,0
EMP-00539,0
EMP-00540,0
EMP-00541,0
EMP-00542,0
EMP-00543,3
EMP-00544,0
EMP-00545,1
EMP-00546,0
EMP-00547,4
EMP-00548,0
EMP-00549,0
EMP-00550,0
EMP-00551,0
EMP-00552,3
EMP-00553,1
EMP-00554,0
EMP-00555,0
EMP-00556,1
EMP-00557,0
EMP-00558,0
EMP-00559,0
EMP-00560,2
EMP-00561,0
EMP-00562,3
EMP-00563,0
EMP-00564,0
EMP-00565,0
EMP-00566,0
EMP-00567,0
EMP-00568,0
EMP-00569,2
EMP-00570,0
EMP-00571,3
EMP-00572,1
EMP-00573,0
EMP-00574,0
EMP-00575,0
EMP-00576,0
EMP-00577,0
EMP-00578,0
EMP-00579,0
EMP-00580,3
EMP-00581,0
EMP-00582,0
EMP-00583,0
EMP-00584,2
EMP-00585,0
EMP-00586,2
EMP-00587,0
EMP-00588,1
EMP-00589,0
EMP-00590,0
EMP-00591,0
EMP-00592,0
EMP-00593,1
EMP-00594,0
EMP-00595,2
EMP-00596,0
EMP-00597,0
EMP-00598,0
EMP-00599,0
EMP-00600,0
EMP-00601,0
EMP-00602,3
EMP-00603,0
EMP-00604,0
EMP-00605,0
EMP-00606,0
EMP-00607,0
EMP-00608,0
EMP-00609,0
EMP-00610,3
EMP-00611,0
EMP-00612,0
EMP-00613,0
EMP-00614,0
EMP-00615,0
EMP-00616,0
EMP-00617,0
EMP-00618,0
EMP-00619,1
EMP-00620,0
EMP-00621,2
EMP-00622,0
EMP-00623,0
EMP-00624,3
EMP-00625,0
EMP-00626,0
EMP-00627,0
EMP-00628,1
EMP-00629,0
EMP-00630,0
EMP-00631,0
EMP-00632,0
EMP-00633,0
EMP-00634,0
EMP-00635,0
EMP-00636,3
EMP-00637,1
EMP-00638,0
EMP-00639,0
EMP-00640,1
EMP-00641,0
EMP-00642,0
EMP-00643,1
EMP-00644,0
EMP-00645,0
EMP-00646,1
EMP-00647,0
EMP-00648,1
EMP-00649,1
EMP-00650,0
EMP-00651,0
EMP-00652,0
EMP-00653,0
EMP-00654,0
EMP-00655,0
EMP-00656,0
EMP-00657,0
EMP-00658,0
EMP-00659,0
EMP-00660,0
EMP-00661,0
EMP-00662,1
EMP-00663,0
EMP-00664,0
EMP-00665,0
EMP-00666,0
EMP-00667,0
EMP-00668,3
EMP-00669,0
EMP-00670,0
EMP-00671,0
EMP-00672,0
EMP-00673,0
EMP-00674,2
EMP-00675,0
EMP-00676,0
EMP-00677,0
EMP-00678,0
EMP-00679,1
EMP-00680,0
EMP-00681,1
EMP-00682,0
EMP-00683,0
EMP-00684,0
EMP-00685,0
EMP-00686,2
EMP-00687,3
EMP-00688,0
EMP-00689,0
EMP-00690,0
EMP-00691,0
EMP-00692,0
EMP-00693,0
EMP-00694,0
EMP-00695,1
EMP-00696,0
EMP-00697,0
EMP-00698,0
EMP-00699,0
EMP-00700,0
EMP-00701,3
EMP-00702,0
EMP-00703,0
EMP-00704,0
EMP-00705,0
EMP-00706,0
EMP-00707,0
EMP-00708,0
EMP-00709,0
EMP-00710,0
EMP-00711,0
EMP-00712,4
EMP-00713,0
EMP-00714,0
EMP-00715,0
EMP-00716,0
EMP-00717,0
EMP-00718,0
EMP-00719,3
EMP-00720,0
EMP-00721,3
EMP-00722,0
EMP-00723,0
EMP-00724,0
EMP-00725,0
EMP-00726,0
EMP-00727,0
EMP-00728,0
EMP-00729,0
EMP-00730,0
EMP-00731,1
EMP-00732,3
EMP-00733,0
EMP-00734,0
EMP-00735,1
EMP-00736,0
EMP-00737,0
EMP-00738,0
EMP-00739,0
EMP-00740,2
EMP-00741,0
EMP-00742,0
EMP-00743,4
EMP-00744,1
EMP-00745,0
EMP-00746,0
EMP-00747,0
EMP-00748,0
EMP-00749,0
EMP-00750,0
EMP-00751,0
EMP-00752,2
EMP-00753,0
EMP-00754,0
EMP-00755,0
EMP-00756,0
EMP-00757,0
EMP-00758,0
EMP-00759,2
EMP-00760,0
EMP-00761,0
EMP-00762,0
EMP-00763,0
EMP-00764,0
EMP-00765,3
EMP-00766,0
EMP-00767,1
EMP-00768,0
EMP-00769,0
EMP-00770,1
EMP-00771,0
EMP-00772,3
EMP-00773,0
EMP-00774,0
EMP-00775,0
EMP-00776,0
EMP-00777,0
EMP-00778,2
EMP-00779,0
EMP-00780,0
EMP-00781,1
EMP-00782,0
EMP-00783,2
EMP-00784,0
EMP-00785,0
EMP-00786,0
EMP-00787,0
EMP-00788,0
EMP-00789,0
EMP-00790,0
EMP-00791,0
EMP-00792,0
EMP-00793,0
EMP-00794,0
EMP-00795,0
EMP-00796,1
EMP-00797,0
EMP-00798,0
EMP-00799,0
EMP-00800,3
EMP-00801,0
EMP-00802,0
EMP-00803,0
EMP-00804,0
EMP-00805,0
EMP-00806,0
EMP-00807,4
EMP-00808,0
EMP-00809,0
EMP-00810,0
EMP-00811,0
EMP-00812,0
EMP-00813,0
EMP-00814,0
EMP-00815,0
EMP-00816,0
EMP-00817,0
EMP-00818,0
EMP-00819,0
EMP-00820,2
EMP-00821,3
EMP-00822,0
EMP-00823,4
EMP-00824,0
EMP-00825,0
EMP-00826,2
EMP-00827,0
EMP-00828,0
EMP-00829,0
EMP-00830,0
EMP-00831,0
EMP-00832,0
EMP-00833,0
EMP-00834,1
EMP-00835,0
EMP-00836,0
EMP-00837,0
EMP-00838,0
EMP-00839,0
EMP-00840,1
EMP-00841,0
EMP-00842,0
EMP-00843,2
EMP-00844,0
EMP-00845,0
EMP-00846,0
EMP-00847,0
EMP-00848,0
EMP-00849,0
EMP-00850,0
EMP-00851,0
EMP-00852,3
EMP-00853,3
EMP-00854,0
EMP-00855,0
EMP-00856,1
EMP-00857,0
EMP-00858,0
EMP-00859,0
EMP-00860,0
EMP-00861,0
EMP-00862,2
EMP-00863,3
EMP-00864,0
EMP-00865,0
EMP-00866,0
EMP-00867,0
EMP-00868,0
EMP-00869,0
EMP-00870,1
EMP-00871,0
EMP-00872,0
EMP-00873,0
EMP-00874,0
EMP-00875,0
EMP-00876,0
EMP-00877,0
EMP-00878,0
EMP-00879,0
EMP-00880,0
EMP-00881,0
EMP-00882,0
EMP-00883,0
EMP-00884,0
EMP-00885,0
EMP-00886,0
EMP-00887,2
EMP-00888,0
EMP-00889,0
EMP-00890,0
EMP-00891,0
EMP-00892,2
EMP-00893,0
EMP-00894,0
EMP-00895,0
EMP-00896,0
EMP-00897,0
EMP-00898,0
EMP-00899,0
EMP-00900,0
EMP-00901,0
EMP-00902,0
EMP-00903,2
EMP-00904,0
EMP-00905,0
EMP-00906,0
EMP-00907,1
EMP-00908,0
EMP-00909,0
EMP-00910,0
EMP-00911,0
EMP-00912,0
EMP-00913,2
EMP-00914,0
EMP-00915,0
EMP-00916,0
EMP-00917,0
EMP-00918,0
EMP-00919,0
EMP-00920,0
EMP-00921,0
EMP-00922,0
EMP-00923,0
EMP-00924,0
EMP-00925,0
EMP-00926,0
EMP-00927,0
EMP-00928,4
EMP-00929,0
EMP-00930,0
EMP-00931,0
EMP-00932,0
EMP-00933,0
EMP-00934,0
EMP-00935,0
EMP-00936,0
EMP-00937,0
EMP-00938,0
EMP-00939,3
EMP-00940,0
EMP-00941,0
EMP-00942,2
EMP-00943,0
EMP-00944,0
EMP-00945,1
EMP-00946,0
EMP-00947,0
EMP-00948,0
EMP-00949,0
EMP-00950,0
EMP-00951,0
EMP-00952,0
EMP-00953,0
EMP-00954,0
EMP-00955,0
EMP-00956,0
EMP-00957,0
EMP-00958,2
EMP-00959,0
EMP-00960,0
EMP-00961,0
EMP-00962,0
EMP-00963,0
EMP-00964,0
EMP-00965,0
EMP-00966,0
EMP-00967,0
EMP-00968,2
EMP-00969,0
EMP-00970,2
EMP-00971,1
EMP-00972,0
EMP-00973,0
EMP-00974,0
EMP-00975,0
EMP-00976,3
EMP-00977,0
EMP-00978,0
EMP-00979,0
EMP-00980,0
EMP-00981,0
EMP-00982,0
EMP-00983,3
EMP-00984,0
EMP-00985,0
EMP-00986,2
EMP-00987,0
EMP-00988,0
EMP-00989,0
EMP-00990,0
EMP-00991,0
EMP-00992,0
EMP-00993,0
EMP-00994,0
EMP-00995,0
EMP-00996,0
EMP-00997,2
EMP-00998,0
EMP-00999,0
EMP-01000,0
EMP-01001,0
EMP-01002,3
EMP-01003,2
EMP-01004,0
EMP-01005,0
EMP-01006,0
EMP-01007,0
EMP-01008,0
EMP-01009,0
EMP-01010,3
EMP-01011,0
EMP-01012,0
EMP-01013,0
EMP-01014,0
EMP-01015,0
EMP-01016,0
EMP-01017,0
EMP-01018,0
EMP-01019,0
EMP-01020,1
EMP-01021,3
EMP-01022,0
EMP-01023,0
EMP-01024,0
EMP-01025,0
EMP-01026,0
EMP-01027,0
EMP-01028,0
EMP-01029,0
EMP-01030,0
EMP-01031,0
EMP-01032,0
EMP-01033,0
EMP-01034,0
EMP-01035,0
EMP-01036,0
EMP-01037,0
EMP-01038,0
EMP-01039,3
EMP-01040,0
EMP-01041,0
EMP-01042,0
EMP-01043,0
EMP-01044,0
EMP-01045,0
EMP-01046,0
EMP-01047,0
EMP-01048,0
EMP-01049,0
EMP-01050,0
EMP-01051,0
EMP-01052,0
EMP-01053,0
EMP-01054,0
EMP-01055,2
EMP-01056,0
EMP-01057,0
EMP-01058,4
EMP-01059,0
EMP-01060,0
EMP-01061,0
EMP-01062,0
EMP-01063,0
EMP-01064,0
EMP-01065,0
EMP-01066,0
EMP-01067,0
EMP-01068,0
EMP-01069,0
EMP-01070,0
EMP-01071,0
EMP-01072,2
EMP-01073,0
EMP-01074,0
EMP-01075,1
EMP-01076,0
EMP-01077,0
EMP-01078,0
EMP-01079,0
EMP-01080,1
EMP-01081,0
EMP-01082,0
EMP-01083,0
EMP-01084,3
EMP-01085,0
EMP-01086,0
EMP-01087,0
EMP-01088,1
EMP-01089,0
EMP-01090,1
EMP-01091,0
EMP-01092,2
EMP-01093,0
EMP-01094,0
EMP-01095,0
EMP-01096,0
EMP-01097,1
EMP-01098,0
EMP-01099,0
EMP-01100,0
EMP-01101,0
EMP-01102,0
EMP-01103,0
EMP-01104,0
EMP-01105,0
EMP-01106,0
EMP-01107,0
EMP-01108,1
EMP-01109,0
EMP-01110,0
EMP-01111,0
EMP-01112,0
EMP-01113,0
EMP-01114,0
EMP-01115,0
EMP-01116,0
EMP-01117,0
EMP-01118,0
EMP-01119,0
EMP-01120,0
EMP-01121,1
EMP-01122,0
EMP-01123,0
EMP-01124,2
EMP-01125,0
EMP-01126,0
EMP-01127,1
EMP-01128,0
EMP-01129,0
EMP-01130,0
EMP-01131,0
EMP-01132,0
EMP-01133,0
EMP-01134,0
EMP-01135,0
EMP-01136,1
EMP-01137,0
EMP-01138,0
EMP-01139,0
EMP-01140,0
EMP-01141,0
EMP-01142,0
EMP-01143,1
EMP-01144,0
EMP-01145,0
EMP-01146,0
EMP-01147,0
EMP-01148,0
EMP-01149,0
EMP-01150,0
EMP-01151,0
EMP-01152,0
EMP-01153,0
EMP-01154,3
EMP-01155,0
EMP-01156,0
EMP-01157,1
EMP-01158,0
EMP-01159,0
EMP-01160,0
EMP-01161,0
EMP-01162,1
EMP-01163,0
EMP-01164,0
EMP-01165,0
EMP-01166,0
EMP-01167,0
EMP-01168,0
EMP-01169,0
EMP-01170,0
EMP-01171,1
EMP-01172,2
EMP-01173,1
EMP-01174,0
EMP-01175,0
EMP-01176,0
EMP-01177,0
EMP-01178,0
EMP-01179,1
EMP-01180,3
EMP-01181,0
EMP-01182,0
EMP-01183,0
EMP-01184,0
EMP-01185,0
EMP-01186,1
EMP-01187,3
EMP-01188,0
EMP-01189,0
EMP-01190,0
EMP-01191,0
EMP-01192,0
EMP-01193,0
EMP-01194,0
EMP-01195,0
EMP-01196,3
EMP-01197,0
EMP-01198,0
EMP-01199,0
EMP-01200,0
EMP-01201,0
EMP-01202,0
EMP-01203,0
EMP-01204,2
EMP-01205,0
EMP-01206,0
EMP-01207,0
EMP-01208,0
EMP-01209,0
EMP-01210,0
EMP-01211,0
EMP-01212,0
EMP-01213,0
EMP-01214,0
EMP-01215,0
EMP-01216,0
EMP-01217,0
EMP-01218,2
EMP-01219,0
EMP-01220,1
EMP-01221,0
EMP-01222,0
EMP-01223,0
EMP-01224,0
EMP-01225,0
EMP-01226,0
EMP-01227,0
EMP-01228,0
EMP-01229,2
EMP-01230,0
EMP-01231,0
EMP-01232,0
EMP-01233,1
EMP-01234,0
EMP-01235,0
EMP-01236,0
EMP-01237,0
EMP-01238,1
EMP-01239,4
EMP-01240,0
EMP-01241,0
EMP-01242,0
EMP-01243,0
EMP-01244,0
EMP-01245,0
EMP-01246,0
EMP-01247,0
EMP-01248,0
EMP-01249,0
EMP-01250,0
EMP-01251,0
EMP-01252,0
EMP-01253,1
EMP-01254,0
EMP-01255,3
EMP-01256,4
EMP-01257,0
EMP-01258,0
EMP-01259,0
EMP-01260,0
EMP-01261,0
EMP-01262,0
EMP-01263,0
EMP-01264,0
EMP-01265,1
EMP-01266,0
EMP-01267,0
EMP-01268,0
EMP-01269,1
EMP-01270,0
EMP-01271,0
EMP-01272,0
EMP-01273,0
EMP-01274,0
EMP-01275,0
EMP-01276,3
EMP-01277,1
EMP-01278,0
EMP-01279,0
EMP-01280,1
EMP-01281,0
EMP-01282,0
EMP-01283,0
EMP-01284,0
EMP-01285,3
EMP-01286,0
EMP-01287,0
EMP-01288,0
EMP-01289,0
EMP-01290,0
EMP-01291,0
EMP-01292,0
EMP-01293,0
EMP-01294,0
EMP-01295,0
EMP-01296,0
EMP-01297,0
EMP-01298,3
EMP-01299,0
EMP-01300,0
EMP-01301,1
EMP-01302,0
EMP-01303,4
EMP-01304,0
EMP-01305,0
EMP-01306,0
EMP-01307,0
EMP-01308,4
EMP-01309,0
EMP-01310,1
EMP-01311,0
EMP-01312,3
EMP-01313,1
EMP-01314,0
EMP-01315,0
EMP-01316,0
EMP-01317,2
EMP-01318,0
EMP-01319,0
EMP-01320,2
EMP-01321,1
EMP-01322,0
EMP-01323,0
EMP-01324,0
EMP-01325,0
EMP-01326,0
EMP-01327,0
EMP-01328,2
EMP-01329,0
EMP-01330,0
EMP-01331,1
EMP-01332,0
EMP-01333,0
EMP-01334,0
EMP-01335,0
EMP-01336,0
EMP-01337,0
EMP-01338,0
EMP-01339,0
EMP-01340,0
EMP-01341,0
EMP-01342,0
EMP-01343,0
EMP-01344,0
EMP-01345,0
EMP-01346,0
EMP-01347,0
EMP-01348,0
EMP-01349,0
EMP-01350,0
EMP-01351,0
EMP-01352,4
EMP-01353,0
EMP-01354,0
EMP-01355,0
EMP-01356,0
EMP-01357,0
EMP-01358,0
EMP-01359,0
EMP-01360,4
EMP-01361,0
EMP-01362,0
EMP-01363,0
EMP-01364,0
EMP-01365,0
EMP-01366,0
EMP-01367,0
EMP-01368,0
EMP-01369,0
EMP-01370,4
EMP-01371,0
EMP-01372,1
EMP-01373,0
EMP-01374,0
EMP-01375,0
EMP-01376,0
EMP-01377,0
EMP-01378,0
EMP-01379,0
EMP-01380,0
EMP-01381,0
EMP-01382,0
EMP-01383,0
EMP-01384,0
EMP-01385,0
EMP-01386,0
EMP-01387,2
EMP-01388,0
EMP-01389,0
EMP-01390,0
EMP-01391,1
EMP-01392,0
EMP-01393,0
EMP-01394,3
EMP-01395,1
EMP-01396,2
EMP-01397,0
EMP-01398,0
EMP-01399,0
EMP-01400,0
EMP-01401,0
EMP-01402,2
EMP-01403,0
EMP-01404,0
EMP-01405,0
EMP-01406,1
EMP-01407,0
EMP-01408,1
EMP-01409,0
EMP-01410,0
EMP-01411,0
EMP-01412,0
EMP-01413,0
EMP-01414,0
EMP-01415,0
EMP-01416,0
EMP-01417,0
EMP-01418,0
EMP-01419,0
EMP-01420,0
EMP-01421,0
EMP-01422,0
EMP-01423,0
EMP-01424,0
EMP-01425,2
EMP-01426,0
EMP-01427,0
EMP-01428,0
EMP-01429,0
EMP-01430,0
EMP-01431,0
EMP-01432,0
EMP-01433,0
EMP-01434,0
EMP-01435,0
EMP-01436,2
EMP-01437,0
EMP-01438,1
EMP-01439,0
EMP-01440,0
EMP-01441,0
EMP-01442,0
EMP-01443,0
EMP-01444,1
EMP-01445,2
EMP-01446,0
EMP-01447,0
EMP-01448,0
EMP-01449,0
EMP-01450,2
EMP-01451,0
EMP-01452,0
EMP-01453,0
EMP-01454,0
EMP-01455,0
EMP-01456,0
EMP-01457,0
EMP-01458,2
EMP-01459,0
EMP-01460,0
EMP-01461,0
EMP-01462,0
EMP-01463,0
EMP-01464,0
EMP-01465,0
EMP-01466,0
EMP-01467,0
EMP-01468,0
EMP-01469,0
EMP-01470,0
EMP-01471,0
EMP-01472,0
EMP-01473,0
EMP-01474,1
EMP-01475,0
EMP-01476,0
EMP-01477,0
EMP-01478,0
EMP-01479,0
EMP-01480,2
EMP-01481,0
EMP-01482,0
EMP-01483,0
EMP-01484,0
EMP-01485,0
EMP-01486,0
EMP-01487,0
EMP-01488,0
EMP-01489,0
EMP-01490,0
EMP-01491,0
EMP-01492,0
EMP-01493,0
EMP-01494,0
EMP-01495,1
EMP-01496,1
EMP-01497,2
EMP-01498,0
EMP-01499,0
EMP-01500,0
EMP-01501,0
EMP-01502,0
EMP-01503,0
EMP-01504,0
EMP-01505,3
EMP-01506,0
EMP-01507,0
EMP-01508,1
EMP-01509,0
EMP-01510,0
EMP-01511,0
EMP-01512,0
EMP-01513,2
EMP-01514,0
EMP-01515,0
EMP-01516,0
EMP-01517,2
EMP-01518,2
EMP-01519,1
EMP-01520,0
EMP-01521,0
EMP-01522,0
EMP-01523,0
EMP-01524,0
EMP-01525,2
EMP-01526,0
EMP-01527,0
EMP-01528,0
EMP-01529,1
EMP-01530,0
EMP-01531,0
EMP-01532,0
EMP-01533,0
EMP-01534,1
EMP-01535,0
EMP-01536,0
EMP-01537,0
EMP-01538,0
EMP-01539,0
EMP-01540,2
EMP-01541,0
EMP-01542,0
EMP-01543,1
EMP-01544,0
EMP-01545,1
EMP-01546,2
EMP-01547,0
EMP-01548,2
EMP-01549,0
EMP-01550,0
EMP-01551,0
EMP-01552,0
EMP-01553,0
EMP-01554,2
EMP-01555,0
EMP-01556,1
EMP-01557,0
EMP-01558,0
EMP-01559,0
EMP-01560,0
EMP-01561,0
EMP-01562,4
EMP-01563,0
EMP-01564,0
EMP-01565,0
EMP-01566,0
EMP-01567,1
EMP-01568,2
EMP-01569,0
EMP-01570,0
EMP-01571,0
EMP-01572,0
EMP-01573,0
EMP-01574,0
EMP-01575,0
EMP-01576,0
EMP-01577,1
EMP-01578,0
EMP-01579,3
EMP-01580,0
EMP-01581,0
EMP-01582,0
EMP-01583,0
EMP-01584,0
EMP-01585,0
EMP-01586,0
EMP-01587,0
EMP-01588,3
EMP-01589,0
EMP-01590,0
EMP-01591,0
EMP-01592,0
EMP-01593,4
EMP-01594,0
EMP-01595,0
EMP-01596,0
EMP-01597,0
EMP-01598,4
EMP-01599,1
EMP-01600,0
EMP-01601,3
EMP-01602,0
EMP-01603,2
EMP-01604,0
EMP-01605,0
EMP-01606,2
EMP-01607,1
EMP-01608,0
EMP-01609,0
EMP-01610,0
EMP-01611,0
EMP-01612,0
EMP-01613,0
EMP-01614,1
EMP-01615,0
EMP-01616,0
EMP-01617,0
EMP-01618,0
EMP-01619,0
EMP-01620,0
EMP-01621,0
EMP-01622,0
EMP-01623,0
EMP-01624,1
EMP-01625,3
EMP-01626,0
EMP-01627,0
EMP-01628,0
EMP-01629,0
EMP-01630,0
EMP-01631,0
EMP-01632,0
EMP-01633,0
EMP-01634,0
EMP-01635,0
EMP-01636,0
EMP-01637,0
EMP-01638,0
EMP-01639,0
EMP-01640,2
EMP-01641,0
EMP-01642,0
EMP-01643,0
EMP-01644,3
EMP-01645,0
EMP-01646,0
EMP-01647,0
EMP-01648,2
EMP-01649,0
EMP-01650,0
EMP-01651,0
EMP-01652,0
EMP-01653,0
EMP-01654,0
EMP-01655,0
EMP-01656,0
EMP-01657,0
EMP-01658,0
EMP-01659,0
EMP-01660,0
EMP-01661,0
EMP-01662,0
EMP-01663,0
EMP-01664,0
EMP-01665,0
EMP-01666,0
EMP-01667,0
EMP-01668,1
EMP-01669,0
EMP-01670,0
EMP-01671,0
EMP-01672,0
EMP-01673,0
EMP-01674,0
EMP-01675,0
EMP-01676,0
EMP-01677,4
EMP-01678,0
EMP-01679,0
EMP-01680,1
EMP-01681,0
EMP-01682,3
EMP-01683,0
EMP-01684,2
EMP-01685,0
EMP-01686,1
EMP-01687,1
EMP-01688,0
EMP-01689,4
EMP-01690,0
EMP-01691,2
EMP-01692,0
EMP-01693,0
EMP-01694,0
EMP-01695,0
EMP-01696,0
EMP-01697,0
EMP-01698,0
EMP-01699,0
EMP-01700,0
EMP-01701,0
EMP-01702,0
EMP-01703,0
EMP-01704,0
EMP-01705,0
EMP-01706,0
EMP-01707,0
EMP-01708,0
EMP-01709,0
EMP-01710,0
EMP-01711,0
EMP-01712,0
EMP-01713,2
EMP-01714,1
EMP-01715,1
EMP-01716,1
EMP-01717,0
EMP-01718,1
EMP-01719,0
EMP-01720,0
EMP-01721,0
EMP-01722,0
EMP-01723,0
EMP-01724,0
EMP-01725,0
EMP-01726,0
EMP-01727,2
EMP-01728,0
EMP-01729,0
EMP-01730,0
EMP-01731,0
EMP-01732,0
EMP-01733,0
EMP-01734,0
EMP-01735,0
EMP-01736,1
EMP-01737,0
EMP-01738,0
EMP-01739,0
EMP-01740,0
EMP-01741,0
EMP-01742,0
EMP-01743,0
EMP-01744,0
EMP-01745,0
EMP-01746,0
EMP-01747,0
EMP-01748,0
EMP-01749,0
EMP-01750,0
EMP-01751,2
EMP-01752,0
EMP-01753,2
EMP-01754,0
EMP-01755,0
EMP-01756,0
EMP-01757,0
EMP-01758,0
EMP-01759,0
EMP-01760,0
EMP-01761,0
EMP-01762,0
EMP-01763,0
EMP-01764,0
EMP-01765,0
EMP-01766,0
EMP-01767,0
EMP-01768,0
EMP-01769,4
EMP-01770,0
EMP-01771,0
EMP-01772,0
EMP-01773,0
EMP-01774,0
EMP-01775,1
EMP-01776,0
EMP-01777,0
EMP-01778,0
EMP-01779,0
EMP-01780,1
EMP-01781,1
EMP-01782,0
EMP-01783,0
EMP-01784,0
EMP-01785,0
EMP-01786,0
EMP-01787,0
EMP-01788,0
EMP-01789,0
EMP-01790,1
EMP-01791,0
EMP-01792,0
EMP-01793,0
EMP-01794,0
EMP-01795,0
EMP-01796,0
EMP-01797,0
EMP-01798,0
EMP-01799,2
EMP-01800,0
EMP-01801,0
EMP-01802,0
EMP-01803,0
EMP-01804,0
EMP-01805,0
EMP-01806,0
EMP-01807,0
EMP-01808,0
EMP-01809,0
EMP-01810,0
EMP-01811,0
EMP-01812,0
EMP-01813,0
EMP-01814,1
EMP-01815,2
EMP-01816,0
EMP-01817,1
EMP-01818,0
EMP-01819,0
EMP-01820,0
EMP-01821,0
EMP-01822,0
EMP-01823,0
EMP-01824,0
EMP-01825,0
EMP-01826,0
EMP-01827,0
EMP-01828,0
EMP-01829,0
EMP-01830,0
EMP-01831,0
EMP-01832,0
EMP-01833,0
EMP-01834,0
EMP-01835,0
EMP-01836,1
EMP-01837,0
EMP-01838,0
EMP-01839,0
EMP-01840,0
EMP-01841,0
EMP-01842,0
EMP-01843,0
EMP-01844,0
EMP-01845,0
EMP-01846,0
EMP-01847,0
EMP-01848,0
EMP-01849,0
EMP-01850,0
EMP-01851,0
EMP-01852,0
EMP-01853,0
EMP-01854,0
EMP-01855,0
EMP-01856,0
EMP-01857,0
EMP-01858,0
EMP-01859,0
EMP-01860,0
EMP-01861,0
EMP-01862,0
EMP-01863,1
EMP-01864,0
EMP-01865,0
EMP-01866,0
EMP-01867,0
EMP-01868,0
EMP-01869,0
EMP-01870,0
EMP-01871,0
EMP-01872,3
EMP-01873,0
EMP-01874,0
EMP-01875,0
EMP-01876,0
EMP-01877,2
EMP-01878,0
EMP-01879,0
EMP-01880,0
EMP-01881,3
EMP-01882,0
EMP-01883,0
EMP-01884,0
EMP-01885,0
EMP-01886,0
EMP-01887,0
EMP-01888,0
EMP-01889,0
EMP-01890,4
EMP-01891,0
EMP-01892,0
EMP-01893,0
EMP-01894,0
EMP-01895,0
EMP-01896,0
EMP-01897,0
EMP-01898,0
EMP-01899,0
EMP-01900,0
EMP-01901,0
EMP-01902,0
EMP-01903,1
EMP-01904,0
EMP-01905,0
EMP-01906,0
EMP-01907,1
EMP-01908,0
EMP-01909,0
EMP-01910,0
EMP-01911,0
EMP-01912,0
EMP-01913,0
EMP-01914,0
EMP-01915,0
EMP-01916,0
EMP-01917,0
EMP-01918,0
EMP-01919,0
EMP-01920,0
EMP-01921,0
EMP-01922,0
EMP-01923,0
EMP-01924,1
EMP-01925,0
EMP-01926,1
EMP-01927,0
EMP-01928,0
EMP-01929,0
EMP-01930,0
EMP-01931,1
EMP-01932,0
EMP-01933,0
EMP-01934,0
EMP-01935,0
EMP-01936,3
EMP-01937,1
EMP-01938,1
EMP-01939,0
EMP-01940,1
EMP-01941,2
EMP-01942,0
EMP-01943,3
EMP-01944,0
EMP-01945,0
EMP-01946,0
EMP-01947,0
EMP-01948,0
EMP-01949,0
EMP-01950,0
EMP-01951,0
EMP-01952,0
EMP-01953,0
EMP-01954,0
EMP-01955,0
EMP-01956,0
EMP-01957,0
EMP-01958,2
EMP-01959,0
EMP-01960,2
EMP-01961,0
EMP-01962,2
EMP-01963,0
EMP-01964,2
EMP-01965,0
EMP-01966,0
EMP-01967,0
EMP-01968,0
EMP-01969,0
EMP-01970,0
EMP-01971,0
EMP-01972,0
EMP-01973,0
EMP-01974,0
EMP-01975,0
EMP-01976,3
EMP-01977,0
EMP-01978,4
EMP-01979,0
EMP-01980,0
EMP-01981,0
EMP-01982,0
EMP-01983,3
EMP-01984,0
EMP-01985,0
EMP-01986,0
EMP-01987,2
EMP-01988,0
EMP-01989,0
EMP-01990,0
EMP-01991,0
EMP-01992,0
EMP-01993,0
EMP-01994,0
EMP-01995,0
EMP-01996,2
EMP-01997,1
EMP-01998,0
EMP-01999,0
EMP-02000,0
EMP-02001,0
EMP-02002,0
EMP-02003,0
EMP-02004,0
EMP-02005,0
EMP-02006,0
EMP-02007,0
EMP-02008,0
EMP-02009,0
EMP-02010,0
EMP-02011,0
EMP-02012,2
EMP-02013,0
EMP-02014,0
EMP-02015,0
EMP-02016,0
EMP-02017,0
EMP-02018,0
EMP-02019,0
EMP-02020,0
EMP-02021,0
EMP-02022,0
EMP-02023,0
EMP-02024,0
EMP-02025,0
EMP-02026,2
EMP-02027,0
EMP-02028,0
EMP-02029,3
EMP-02030,0
EMP-02031,0
EMP-02032,2
EMP-02033,1
EMP-02034,0
EMP-02035,2
EMP-02036,0
EMP-02037,3
EMP-02038,0
EMP-02039,1
EMP-02040,0
EMP-02041,1
EMP-02042,4
EMP-02043,2
EMP-02044,0
EMP-02045,0
EMP-02046,1
EMP-02047,1
EMP-02048,0
EMP-02049,0
EMP-02050,0
EMP-02051,0
EMP-02052,0
EMP-02053,0
EMP-02054,0
EMP-02055,0
EMP-02056,0
EMP-02057,0
EMP-02058,0
EMP-02059,0
EMP-02060,0
EMP-02061,1
EMP-02062,0
EMP-02063,0
EMP-02064,0
EMP-02065,0
EMP-02066,0
EMP-02067,0
EMP-02068,0
EMP-02069,0
EMP-02070,0
EMP-02071,0
EMP-02072,0
EMP-02073,0
EMP-02074,0
EMP-02075,0
EMP-02076,0
EMP-02077,0
EMP-02078,0
EMP-02079,0
EMP-02080,0
EMP-02081,0
EMP-02082,1
EMP-02083,0
EMP-02084,0
EMP-02085,0
EMP-02086,0
EMP-02087,2
EMP-02088,0
EMP-02089,0
EMP-02090,0
EMP-02091,0
EMP-02092,2
EMP-02093,0
EMP-02094,0
EMP-02095,1
EMP-02096,1
EMP-02097,0
EMP-02098,3
EMP-02099,0
EMP-02100,0
EMP-02101,2
EMP-02102,0
EMP-02103,0
EMP-02104,0
EMP-02105,0
EMP-02106,0
EMP-02107,1
EMP-02108,0
EMP-02109,0
EMP-02110,0
EMP-02111,0
EMP-02112,0
EMP-02113,0
EMP-02114,0
EMP-02115,1
EMP-02116,0
EMP-02117,0
EMP-02118,0
EMP-02119,0
EMP-02120,0
EMP-02121,4
EMP-02122,0
EMP-02123,0
EMP-02124,0
EMP-02125,0
EMP-02126,2
EMP-02127,0
EMP-02128,1
EMP-02129,0
EMP-02130,0
EMP-02131,0
EMP-02132,0
EMP-02133,0
EMP-02134,0
EMP-02135,0
EMP-02136,0
EMP-02137,0
EMP-02138,0
EMP-02139,1
EMP-02140,0
EMP-02141,0
EMP-02142,0
EMP-02143,0
EMP-02144,0
EMP-02145,0
EMP-02146,0
EMP-02147,0
EMP-02148,0
EMP-02149,2
EMP-02150,0
EMP-02151,0
EMP-02152,2
EMP-02153,1
EMP-02154,0
EMP-02155,0
EMP-02156,0
EMP-02157,0
EMP-02158,2
EMP-02159,0
EMP-02160,0
EMP-02161,0
EMP-02162,1
EMP-02163,0
EMP-02164,0
EMP-02165,0
EMP-02166,2
EMP-02167,0
EMP-02168,0
EMP-02169,2
EMP-02170,0
EMP-02171,0
EMP-02172,1
EMP-02173,0
EMP-02174,0
EMP-02175,0
EMP-02176,0
EMP-02177,0
EMP-02178,0
EMP-02179,2
EMP-02180,0
EMP-02181,0
EMP-02182,1
EMP-02183,1
EMP-02184,1
EMP-02185,0
EMP-02186,0
EMP-02187,0
EMP-02188,0
EMP-02189,0
EMP-02190,0
EMP-02191,3
EMP-02192,0
EMP-02193,0
EMP-02194,0
EMP-02195,0
EMP-02196,2
EMP-02197,1
EMP-02198,0
EMP-02199,0
EMP-02200,0
EMP-02201,0
EMP-02202,0
EMP-02203,0
EMP-02204,0
EMP-02205,0
EMP-02206,0
EMP-02207,0
EMP-02208,0
EMP-02209,2
EMP-02210,0
EMP-02211,0
EMP-02212,0
EMP-02213,0
EMP-02214,0
EMP-02215,0
EMP-02216,0
EMP-02217,0
EMP-02218,0
EMP-02219,0
EMP-02220,0
EMP-02221,0
EMP-02222,0
EMP-02223,3
EMP-02224,0
EMP-02225,0
EMP-02226,0
EMP-02227,4
EMP-02228,2
EMP-02229,3
EMP-02230,0
EMP-02231,0
EMP-02232,4
EMP-02233,0
EMP-02234,0
EMP-02235,0
EMP-02236,1
EMP-02237,2
EMP-02238,4
EMP-02239,0
EMP-02240,0
EMP-02241,0
EMP-02242,0
EMP-02243,0
EMP-02244,0
EMP-02245,0
EMP-02246,0
EMP-02247,1
EMP-02248,0
EMP-02249,1
EMP-02250,0
EMP-02251,0
EMP-02252,0
EMP-02253,0
EMP-02254,0
EMP-02255,0
EMP-02256,1
EMP-02257,0
EMP-02258,2
EMP-02259,0
EMP-02260,0
EMP-02261,0
EMP-02262,0
EMP-02263,0
EMP-02264,0
EMP-02265,0
EMP-02266,0
EMP-02267,0
EMP-02268,1
EMP-02269,0
EMP-02270,1
EMP-02271,0
EMP-02272,0
EMP-02273,0
EMP-02274,3
EMP-02275,2
EMP-02276,1
EMP-02277,2
EMP-02278,0
EMP-02279,1
EMP-02280,0
EMP-02281,0
EMP-02282,0
EMP-02283,0
EMP-02284,2
EMP-02285,0
EMP-02286,0
EMP-02287,0
EMP-02288,0
EMP-02289,0
EMP-02290,0
EMP-02291,0
EMP-02292,0
EMP-02293,0
EMP-02294,2
EMP-02295,0
EMP-02296,0
EMP-02297,0
EMP-02298,0
EMP-02299,0
EMP-02300,0
EMP-02301,0
EMP-02302,0
EMP-02303,0
EMP-02304,0
EMP-02305,0
EMP-02306,0
EMP-02307,0
EMP-02308,0
EMP-02309,0
EMP-02310,2
EMP-02311,0
EMP-02312,0
EMP-02313,0
EMP-02314,0
EMP-02315,1
EMP-02316,0
EMP-02317,0
EMP-02318,0
EMP-02319,0
EMP-02320,0
EMP-02321,0
EMP-02322,4
EMP-02323,4
EMP-02324,0
EMP-02325,0
EMP-02326,0
EMP-02327,0
EMP-02328,0
EMP-02329,0
EMP-02330,0
EMP-02331,2
EMP-02332,0
EMP-02333,0
EMP-02334,0
EMP-02335,0
EMP-02336,0
EMP-02337,0
EMP-02338,0
EMP-02339,0
EMP-02340,0
EMP-02341,0
EMP-02342,2
EMP-02343,0
EMP-02344,0
EMP-02345,0
EMP-02346,0
EMP-02347,1
EMP-02348,0
EMP-02349,0
EMP-02350,1
EMP-02351,0
EMP-02352,0
EMP-02353,0
EMP-02354,0
EMP-02355,0
EMP-02356,4
EMP-02357,0
EMP-02358,0
EMP-02359,0
EMP-02360,0
EMP-02361,0
EMP-02362,0
EMP-02363,0
EMP-02364,0
EMP-02365,0
EMP-02366,0
EMP-02367,0
EMP-02368,0
EMP-02369,0
EMP-02370,0
EMP-02371,2
EMP-02372,2
EMP-02373,0
EMP-02374,0
EMP-02375,0
EMP-02376,0
EMP-02377,0
EMP-02378,0
EMP-02379,1
EMP-02380,0
EMP-02381,0
EMP-02382,0
EMP-02383,0
EMP-02384,0
EMP-02385,2
EMP-02386,0
EMP-02387,0
EMP-02388,0
EMP-02389,0
EMP-02390,0
EMP-02391,0
EMP-02392,0
EMP-02393,0
EMP-02394,0
EMP-02395,0
EMP-02396,0
EMP-02397,0
EMP-02398,0
EMP-02399,1
EMP-02400,1
EMP-02401,0
EMP-02402,0
EMP-02403,0
EMP-02404,0
EMP-02405,0
EMP-02406,4
EMP-02407,2
EMP-02408,0
EMP-02409,0
EMP-02410,0
EMP-02411,0
EMP-02412,0
EMP-02413,0
EMP-02414,0
EMP-02415,0
EMP-02416,0
EMP-02417,0
EMP-02418,2
EMP-02419,3
EMP-02420,2
EMP-02421,0
EMP-02422,0
EMP-02423,0
EMP-02424,0
EMP-02425,2
EMP-02426,0
EMP-02427,0
EMP-02428,0
EMP-02429,0
EMP-02430,1
EMP-02431,2
EMP-02432,0
EMP-02433,0
EMP-02434,0
EMP-02435,0
EMP-02436,0
EMP-02437,0
EMP-02438,0
EMP-02439,0
EMP-02440,2
EMP-02441,1
EMP-02442,0
EMP-02443,0
EMP-02444,1
EMP-02445,0
EMP-02446,0
EMP-02447,0
EMP-02448,0
EMP-02449,0
EMP-02450,0
EMP-02451,0
EMP-02452,0
EMP-02453,0
EMP-02454,0
EMP-02455,0
EMP-02456,0
EMP-02457,0
EMP-02458,0
EMP-02459,0
EMP-02460,0
EMP-02461,0
EMP-02462,0
EMP-02463,0
EMP-02464,0
EMP-02465,0
EMP-02466,0
EMP-02467,0
EMP-02468,0
EMP-02469,2
EMP-02470,0
EMP-02471,0
EMP-02472,0
EMP-02473,0
EMP-02474,0
EMP-02475,4
EMP-02476,0
EMP-02477,0
EMP-02478,0
EMP-02479,0
EMP-02480,0
EMP-02481,0
EMP-02482,0
EMP-02483,0
EMP-02484,0
EMP-02485,1
EMP-02486,3
EMP-02487,1
EMP-02488,0
EMP-02489,2
EMP-02490,0
EMP-02491,0
EMP-02492,1
EMP-02493,3
EMP-02494,3
EMP-02495,1
EMP-02496,0
EMP-02497,3
EMP-02498,0
EMP-02499,0
EMP-02500,4
EMP-02501,1
EMP-02502,0
EMP-02503,0
EMP-02504,0
EMP-02505,0
EMP-02506,0
EMP-02507,0
EMP-02508,0
EMP-02509,2
EMP-02510,0
EMP-02511,1
EMP-02512,0
EMP-02513,0
EMP-02514,0
EMP-02515,0
EMP-02516,3
EMP-02517,0
EMP-02518,0
EMP-02519,0
EMP-02520,0
EMP-02521,0
EMP-02522,0
EMP-02523,0
EMP-02524,0
EMP-02525,0
EMP-02526,0
EMP-02527,4
EMP-02528,0
EMP-02529,0
EMP-02530,0
EMP-02531,0
EMP-02532,0
EMP-02533,0
EMP-02534,0
EMP-02535,0
EMP-02536,0
EMP-02537,0
EMP-02538,0
EMP-02539,0
EMP-02540,0
EMP-02541,0
EMP-02542,0
EMP-02543,0
EMP-02544,2
EMP-02545,0
EMP-02546,1
EMP-02547,3
EMP-02548,0
EMP-02549,1
EMP-02550,0
EMP-02551,0
EMP-02552,0
EMP-02553,0
EMP-02554,0
EMP-02555,0
EMP-02556,0
EMP-02557,0
EMP-02558,0
EMP-02559,0
EMP-02560,3
EMP-02561,0
EMP-02562,0
EMP-02563,0
EMP-02564,0
EMP-02565,0
EMP-02566,3
EMP-02567,0
EMP-02568,0
EMP-02569,3
EMP-02570,0
EMP-02571,0
EMP-02572,0
EMP-02573,0
EMP-02574,0
EMP-02575,1
EMP-02576,0
EMP-02577,0
EMP-02578,0
EMP-02579,0
EMP-02580,0
EMP-02581,0
EMP-02582,0
EMP-02583,0
EMP-02584,0
EMP-02585,0
EMP-02586,0
EMP-02587,0
EMP-02588,0
EMP-02589,0
EMP-02590,0
EMP-02591,0
EMP-02592,0
EMP-02593,0
EMP-02594,0
EMP-02595,0
EMP-02596,1
EMP-02597,0
EMP-02598,0
EMP-02599,0
EMP-02600,2
EMP-02601,0
EMP-02602,0
EMP-02603,0
EMP-02604,3
EMP-02605,0
EMP-02606,0
EMP-02607,0
EMP-02608,2
EMP-02609,0
EMP-02610,0
EMP-02611,0
EMP-02612,0
EMP-02613,0
EMP-02614,0
EMP-02615,0
EMP-02616,0
EMP-02617,0
EMP-02618,0
EMP-02619,4
EMP-02620,0
EMP-02621,0
EMP-02622,1
EMP-02623,1
EMP-02624,1
EMP-02625,0
EMP-02626,0
EMP-02627,0
EMP-02628,0
EMP-02629,0
EMP-02630,0
EMP-02631,0
EMP-02632,0
EMP-02633,0
EMP-02634,1
EMP-02635,0
EMP-02636,0
EMP-02637,2
EMP-02638,1
EMP-02639,0
EMP-02640,0
EMP-02641,0
EMP-02642,1
EMP-02643,0
EMP-02644,0
EMP-02645,0
EMP-02646,0
EMP-02647,0
EMP-02648,0
EMP-02649,0
EMP-02650,0
EMP-02651,3
EMP-02652,0
EMP-02653,0
EMP-02654,0
EMP-02655,0
EMP-02656,0
EMP-02657,0
EMP-02658,0
EMP-02659,0
EMP-02660,0
EMP-02661,1
EMP-02662,0
EMP-02663,0
EMP-02664,0
EMP-02665,0
EMP-02666,0
EMP-02667,1
EMP-02668,0
EMP-02669,0
EMP-02670,1
EMP-02671,0
EMP-02672,0
EMP-02673,0
EMP-02674,0
EMP-02675,0
EMP-02676,4
EMP-02677,1
EMP-02678,1
EMP-02679,0
EMP-02680,0
EMP-02681,0
EMP-02682,4
EMP-02683,2
EMP-02684,0
EMP-02685,0
EMP-02686,1
EMP-02687,0
EMP-02688,0
EMP-02689,0
EMP-02690,0
EMP-02691,0
EMP-02692,0
EMP-02693,0
EMP-02694,0
EMP-02695,0
EMP-02696,0
EMP-02697,0
EMP-02698,0
EMP-02699,1
EMP-02700,0
EMP-02701,4
EMP-02702,0
EMP-02703,0
EMP-02704,0
EMP-02705,0
EMP-02706,0
EMP-02707,0
EMP-02708,3
EMP-02709,0
EMP-02710,0
EMP-02711,0
EMP-02712,0
EMP-02713,0
EMP-02714,1
EMP-02715,0
EMP-02716,0
EMP-02717,1
EMP-02718,1
EMP-02719,2
EMP-02720,0
EMP-02721,3
EMP-02722,0
EMP-02723,0
EMP-02724,0
EMP-02725,0
EMP-02726,0
EMP-02727,0
EMP-02728,0
EMP-02729,1
EMP-02730,0
EMP-02731,0
EMP-02732,0
EMP-02733,0
EMP-02734,4
EMP-02735,0
EMP-02736,1
EMP-02737,2
EMP-02738,0
EMP-02739,0
EMP-02740,0
EMP-02741,0
EMP-02742,0
EMP-02743,0
EMP-02744,0
EMP-02745,0
EMP-02746,0
EMP-02747,1
EMP-02748,0
EMP-02749,0
EMP-02750,0
EMP-02751,0
EMP-02752,2
EMP-02753,3
EMP-02754,0
EMP-02755,0
EMP-02756,0
EMP-02757,1
EMP-02758,0
EMP-02759,2
EMP-02760,0
EMP-02761,0
EMP-02762,0
EMP-02763,1
EMP-02764,0
EMP-02765,0
EMP-02766,0
EMP-02767,1
EMP-02768,0
EMP-02769,0
EMP-02770,0
EMP-02771,0
EMP-02772,0
EMP-02773,0
EMP-02774,2
EMP-02775,0
EMP-02776,0
EMP-02777,1
EMP-02778,0
EMP-02779,0
EMP-02780,0
EMP-02781,0
EMP-02782,0
EMP-02783,4
EMP-02784,0
EMP-02785,0
EMP-02786,0
EMP-02787,0
EMP-02788,0
EMP-02789,0
EMP-02790,0
EMP-02791,2
EMP-02792,0
EMP-02793,0
EMP-02794,0
EMP-02795,0
EMP-02796,0
EMP-02797,3
EMP-02798,0
EMP-02799,0
EMP-02800,0
EMP-02801,0
EMP-02802,0
EMP-02803,0
EMP-02804,3
EMP-02805,0
EMP-02806,2
EMP-02807,0
EMP-02808,0
EMP-02809,2
EMP-02810,0
EMP-02811,0
EMP-02812,0
EMP-02813,0
EMP-02814,0
EMP-02815,0
EMP-02816,0
EMP-02817,0
EMP-02818,0
EMP-02819,0
EMP-02820,4
EMP-02821,0
EMP-02822,0
EMP-02823,0
EMP-02824,0
EMP-02825,0
EMP-02826,0
EMP-02827,0
EMP-02828,0
EMP-02829,0
EMP-02830,0
EMP-02831,0
EMP-02832,0
EMP-02833,0
EMP-02834,3
EMP-02835,2
EMP-02836,3
EMP-02837,0
EMP-02838,0
EMP-02839,0
EMP-02840,0
EMP-02841,0
EMP-02842,0
EMP-02843,0
EMP-02844,0
EMP-02845,0
EMP-02846,0
EMP-02847,0
EMP-02848,0
EMP-02849,0
EMP-02850,0
EMP-02851,0
EMP-02852,0
EMP-02853,0
EMP-02854,0
EMP-02855,0
EMP-02856,0
EMP-02857,0
EMP-02858,0
EMP-02859,0
EMP-02860,0
EMP-02861,0
EMP-02862,0
EMP-02863,0
EMP-02864,0
EMP-02865,3
EMP-02866,0
EMP-02867,0
EMP-02868,0
EMP-02869,0
EMP-02870,0
EMP-02871,0
EMP-02872,1
EMP-02873,0
EMP-02874,0
EMP-02875,0
EMP-02876,0
EMP-02877,2
EMP-02878,0
EMP-02879,0
EMP-02880,2
EMP-02881,2
EMP-02882,0
EMP-02883,1
EMP-02884,0
EMP-02885,0
EMP-02886,0
EMP-02887,0
EMP-02888,0
EMP-02889,3
EMP-02890,0
EMP-02891,1
EMP-02892,0
EMP-02893,2
EMP-02894,0
EMP-02895,0
EMP-02896,0
EMP-02897,0
EMP-02898,0
EMP-02899,0
EMP-02900,0
EMP-02901,1
EMP-02902,0
EMP-02903,0
EMP-02904,0
EMP-02905,1
EMP-02906,0
EMP-02907,0
EMP-02908,0
EMP-02909,0
EMP-02910,0
EMP-02911,0
EMP-02912,0
EMP-02913,0
EMP-02914,2
EMP-02915,0
EMP-02916,3
EMP-02917,0
EMP-02918,0
EMP-02919,0
EMP-02920,0
EMP-02921,0
EMP-02922,0
EMP-02923,0
EMP-02924,0
EMP-02925,0
EMP-02926,0
EMP-02927,0
EMP-02928,1
EMP-02929,0
EMP-02930,0
EMP-02931,0
EMP-02932,0
EMP-02933,0
EMP-02934,0
EMP-02935,0
EMP-02936,0
EMP-02937,0
EMP-02938,0
EMP-02939,0
EMP-02940,0
EMP-02941,0
EMP-02942,0
EMP-02943,1
EMP-02944,1
EMP-02945,0
EMP-02946,0
EMP-02947,1
EMP-02948,0
EMP-02949,0
EMP-02950,0
EMP-02951,1
EMP-02952,0
EMP-02953,0
EMP-02954,0
EMP-02955,0
EMP-02956,0
EMP-02957,1
EMP-02958,3
EMP-02959,0
EMP-02960,0
EMP-02961,0
EMP-02962,1
EMP-02963,0
EMP-02964,3
EMP-02965,0
EMP-02966,0
EMP-02967,0
EMP-02968,0
EMP-02969,2
EMP-02970,0
EMP-02971,1
EMP-02972,0
EMP-02973,2
EMP-02974,0
EMP-02975,0
EMP-02976,0
EMP-02977,0
EMP-02978,0
EMP-02979,2
EMP-02980,1
EMP-02981,0
EMP-02982,2
EMP-02983,0
EMP-02984,2
EMP-02985,0
EMP-02986,0
EMP-02987,0
EMP-02988,3
EMP-02989,0
EMP-02990,0
EMP-02991,0
EMP-02992,0
EMP-02993,0
EMP-02994,0
EMP-02995,0
EMP-02996,0
EMP-02997,0
EMP-02998,0
EMP-02999,0
EMP-03000,0
EMP-03001,0
EMP-03002,0
EMP-03003,0
EMP-03004,0
EMP-03005,0
EMP-03006,0
EMP-03007,2
EMP-03008,0
EMP-03009,0
EMP-03010,0
EMP-03011,0
EMP-03012,0
EMP-03013,0
EMP-03014,0
EMP-03015,0
EMP-03016,0
EMP-03017,0
EMP-03018,0
EMP-03019,0
EMP-03020,0
EMP-03021,0
EMP-03022,0
EMP-03023,0
EMP-03024,1
EMP-03025,0
EMP-03026,0
EMP-03027,3
EMP-03028,0
EMP-03029,0
EMP-03030,0
EMP-03031,0
EMP-03032,0
EMP-03033,0
EMP-03034,0
EMP-03035,0
EMP-03036,0
EMP-03037,0
EMP-03038,0
EMP-03039,1
EMP-03040,3
EMP-03041,3
EMP-03042,0
EMP-03043,0
EMP-03044,2
EMP-03045,0
EMP-03046,0
EMP-03047,0
EMP-03048,0
EMP-03049,1
EMP-03050,0
EMP-03051,0
EMP-03052,0
EMP-03053,0
EMP-03054,0
EMP-03055,0
EMP-03056,0
EMP-03057,0
EMP-03058,0
EMP-03059,1
EMP-03060,0
EMP-03061,0
EMP-03062,0
EMP-03063,0
EMP-03064,0
EMP-03065,0
EMP-03066,4
EMP-03067,0
EMP-03068,0
EMP-03069,0
EMP-03070,1
EMP-03071,0
EMP-03072,3
EMP-03073,0
EMP-03074,0
EMP-03075,0
EMP-03076,0
EMP-03077,0
EMP-03078,0
EMP-03079,1
EMP-03080,0
EMP-03081,0
EMP-03082,0
EMP-03083,0
EMP-03084,0
EMP-03085,0
EMP-03086,0
EMP-03087,0
EMP-03088,0
EMP-03089,0
EMP-03090,0
EMP-03091,0
EMP-03092,2
EMP-03093,0
EMP-03094,1
EMP-03095,0
EMP-03096,1
EMP-03097,0
EMP-03098,0
EMP-03099,0
EMP-03100,2
EMP-03101,0
EMP-03102,0
EMP-03103,2
EMP-03104,0
EMP-03105,0
EMP-03106,3
EMP-03107,2
EMP-03108,0
EMP-03109,0
EMP-03110,0
EMP-03111,2
EMP-03112,0
EMP-03113,1
EMP-03114,0
EMP-03115,1
EMP-03116,0
EMP-03117,0
EMP-03118,0
EMP-03119,0
EMP-03120,0
EMP-03121,0
EMP-03122,1
EMP-03123,0
EMP-03124,0
EMP-03125,0
EMP-03126,0
EMP-03127,0
EMP-03128,0
EMP-03129,0
EMP-03130,0
EMP-03131,0
EMP-03132,0
EMP-03133,4
EMP-03134,0
EMP-03135,0
EMP-03136,0
EMP-03137,0
EMP-03138,0
EMP-03139,0
EMP-03140,1
EMP-03141,0
EMP-03142,2
EMP-03143,0
EMP-03144,0
EMP-03145,1
EMP-03146,0
EMP-03147,0
EMP-03148,1
EMP-03149,0
EMP-03150,0
EMP-03151,1
EMP-03152,0
EMP-03153,0
EMP-03154,1
EMP-03155,0
EMP-03156,0
EMP-03157,0
EMP-03158,0
EMP-03159,0
EMP-03160,0
EMP-03161,0
EMP-03162,1
EMP-03163,0
EMP-03164,0
EMP-03165,1
EMP-03166,0
EMP-03167,0
EMP-03168,0
EMP-03169,0
EMP-03170,0
EMP-03171,1
EMP-03172,0
EMP-03173,0
EMP-03174,0
EMP-03175,2
EMP-03176,0
EMP-03177,0
EMP-03178,0
EMP-03179,0
EMP-03180,0
EMP-03181,0
EMP-03182,0
EMP-03183,2
EMP-03184,0
EMP-03185,0
EMP-03186,0
EMP-03187,0
EMP-03188,0
EMP-03189,0
EMP-03190,0
EMP-03191,0
EMP-03192,0
EMP-03193,0
EMP-03194,0
EMP-03195,0
EMP-03196,0
EMP-03197,4
EMP-03198,0
EMP-03199,2
EMP-03200,0
EMP-03201,0
EMP-03202,4
EMP-03203,0
EMP-03204,0
EMP-03205,0
EMP-03206,0
EMP-03207,0
EMP-03208,1
EMP-03209,0
EMP-03210,0
EMP-03211,0
EMP-03212,0
EMP-03213,0
EMP-03214,0
EMP-03215,0
EMP-03216,0
EMP-03217,0
EMP-03218,0
EMP-03219,0
EMP-03220,3
EMP-03221,0
EMP-03222,0
EMP-03223,3
EMP-03224,0
EMP-03225,0
EMP-03226,0
EMP-03227,0
EMP-03228,3
EMP-03229,0
EMP-03230,0
EMP-03231,0
EMP-03232,0
EMP-03233,0
EMP-03234,0
EMP-03235,0
EMP-03236,1
EMP-03237,4
EMP-03238,0
EMP-03239,0
EMP-03240,0
EMP-03241,0
EMP-03242,0
EMP-03243,0
EMP-03244,0
EMP-03245,0
EMP-03246,0
EMP-03247,0
EMP-03248,0
EMP-03249,1
EMP-03250,3
EMP-03251,0
EMP-03252,0
EMP-03253,0
EMP-03254,2
EMP-03255,0
EMP-03256,3
EMP-03257,0
EMP-03258,0
EMP-03259,0
EMP-03260,0
EMP-03261,1
EMP-03262,0
EMP-03263,0
EMP-03264,0
EMP-03265,0
EMP-03266,0
EMP-03267,0
EMP-03268,2
EMP-03269,0
EMP-03270,0
EMP-03271,0
EMP-03272,0
EMP-03273,0
EMP-03274,0
EMP-03275,0
EMP-03276,2
EMP-03277,1
EMP-03278,0
EMP-03279,1
EMP-03280,0
EMP-03281,4
EMP-03282,0
EMP-03283,0
EMP-03284,0
EMP-03285,0
EMP-03286,0
EMP-03287,0
EMP-03288,0
EMP-03289,0
EMP-03290,0
EMP-03291,0
EMP-03292,0
EMP-03293,0
EMP-03294,0
EMP-03295,0
EMP-03296,0
EMP-03297,0
EMP-03298,1
EMP-03299,0
EMP-03300,0
EMP-03301,0
EMP-03302,0
EMP-03303,4
EMP-03304,1
EMP-03305,0
EMP-03306,0
EMP-03307,0
EMP-03308,0
EMP-03309,3
EMP-03310,0
EMP-03311,0
EMP-03312,0
EMP-03313,0
EMP-03314,0
EMP-03315,0
EMP-03316,1
EMP-03317,0
EMP-03318,4
EMP-03319,0
EMP-03320,0
EMP-03321,1
EMP-03322,0
EMP-03323,0
EMP-03324,0
EMP-03325,0
EMP-03326,1
EMP-03327,0
EMP-03328,0
EMP-03329,0
EMP-03330,0
EMP-03331,1
EMP-03332,0
EMP-03333,0
EMP-03334,0
EMP-03335,0
EMP-03336,0
EMP-03337,0
EMP-03338,1
EMP-03339,2
EMP-03340,0
EMP-03341,0
EMP-03342,1
EMP-03343,0
EMP-03344,0
EMP-03345,0
EMP-03346,0
EMP-03347,0
EMP-03348,0
EMP-03349,1
EMP-03350,0
EMP-03351,0
EMP-03352,0
EMP-03353,0
EMP-03354,0
EMP-03355,0
EMP-03356,0
EMP-03357,0
EMP-03358,0
EMP-03359,0
EMP-03360,0
EMP-03361,0
EMP-03362,0
EMP-03363,0
EMP-03364,0
EMP-03365,0
EMP-03366,1
EMP-03367,0
EMP-03368,0
EMP-03369,0
EMP-03370,2
EMP-03371,0
EMP-03372,0
EMP-03373,0
EMP-03374,2
EMP-03375,0
EMP-03376,0
EMP-03377,2
EMP-03378,0
EMP-03379,0
EMP-03380,0
EMP-03381,0
EMP-03382,4
EMP-03383,0
EMP-03384,0
EMP-03385,0
EMP-03386,0
EMP-03387,0
EMP-03388,2
EMP-03389,0
EMP-03390,0
EMP-03391,0
EMP-03392,0
EMP-03393,1
EMP-03394,0
EMP-03395,0
EMP-03396,0
EMP-03397,0
EMP-03398,0
EMP-03399,0
EMP-03400,0
EMP-03401,0
EMP-03402,0
EMP-03403,0
EMP-03404,0
EMP-03405,0
EMP-03406,4
EMP-03407,3
EMP-03408,0
EMP-03409,0
EMP-03410,0
EMP-03411,0
EMP-03412,0
EMP-03413,0
EMP-03414,0
EMP-03415,2
EMP-03416,0
EMP-03417,0
EMP-03418,0
EMP-03419,0
EMP-03420,3
EMP-03421,3
EMP-03422,1
EMP-03423,0
EMP-03424,0
EMP-03425,0
EMP-03426,0
EMP-03427,1
EMP-03428,1
EMP-03429,1
EMP-03430,0
EMP-03431,0
EMP-03432,0
EMP-03433,0
EMP-03434,0
EMP-03435,0
EMP-03436,4
EMP-03437,0
EMP-03438,0
EMP-03439,0
EMP-03440,1
EMP-03441,0
EMP-03442,0
EMP-03443,3
EMP-03444,0
EMP-03445,0
EMP-03446,0
EMP-03447,0
EMP-03448,3
EMP-03449,0
EMP-03450,0
EMP-03451,0
EMP-03452,0
EMP-03453,0
EMP-03454,0
EMP-03455,0
EMP-03456,0
EMP-03457,2
EMP-03458,1
EMP-03459,1
EMP-03460,0
EMP-03461,1
EMP-03462,0
EMP-03463,0
EMP-03464,1
EMP-03465,0
EMP-03466,2
EMP-03467,0
EMP-03468,0
EMP-03469,0
EMP-03470,0
EMP-03471,0
EMP-03472,0
EMP-03473,0
EMP-03474,2
EMP-03475,0
EMP-03476,0
EMP-03477,0
EMP-03478,0
EMP-03479,0
EMP-03480,0
EMP-03481,0
EMP-03482,1
EMP-03483,0
EMP-03484,2
EMP-03485,0
EMP-03486,0
EMP-03487,0
EMP-03488,0
EMP-03489,0
EMP-03490,0
EMP-03491,0
EMP-03492,0
EMP-03493,0
EMP-03494,2
EMP-03495,1
EMP-03496,0
EMP-03497,0
EMP-03498,0
EMP-03499,0
EMP-03500,0
EMP-03501,2
EMP-03502,0
EMP-03503,0
EMP-03504,3
EMP-03505,0
EMP-03506,0
EMP-03507,0
EMP-03508,1
EMP-03509,0
EMP-03510,0
EMP-03511,1
EMP-03512,0
EMP-03513,0
EMP-03514,0
EMP-03515,0
EMP-03516,0
EMP-03517,0
EMP-03518,2
EMP-03519,0
EMP-03520,0
EMP-03521,0
EMP-03522,0
EMP-03523,0
EMP-03524,0
EMP-03525,0
EMP-03526,0
EMP-03527,0
EMP-03528,0
EMP-03529,0
EMP-03530,0
EMP-03531,0
EMP-03532,0
EMP-03533,0
EMP-03534,0
EMP-03535,0
EMP-03536,0
EMP-03537,0
EMP-03538,0
EMP-03539,0
EMP-03540,1
EMP-03541,0
EMP-03542,0
EMP-03543,0
EMP-03544,0
EMP-03545,0
EMP-03546,0
EMP-03547,0
EMP-03548,0
EMP-03549,0
EMP-03550,0
EMP-03551,1
EMP-03552,1
EMP-03553,1
EMP-03554,0
EMP-03555,1
EMP-03556,0
EMP-03557,0
EMP-03558,3
EMP-03559,0
EMP-03560,0
EMP-03561,0
EMP-03562,0
EMP-03563,2
EMP-03564,0
EMP-03565,1
EMP-03566,0
EMP-03567,0
EMP-03568,0
EMP-03569,0
EMP-03570,0
EMP-03571,0
EMP-03572,0
EMP-03573,3
EMP-03574,0
EMP-03575,0
EMP-03576,0
EMP-03577,0
EMP-03578,1
EMP-03579,0
EMP-03580,0
EMP-03581,3
EMP-03582,0
EMP-03583,0
EMP-03584,0
EMP-03585,0
EMP-03586,0
EMP-03587,3
EMP-03588,0
EMP-03589,0
EMP-03590,1
EMP-03591,0
EMP-03592,0
EMP-03593,0
EMP-03594,0
EMP-03595,0
EMP-03596,3
EMP-03597,0
EMP-03598,1
EMP-03599,0
EMP-03600,0
EMP-03601,0
EMP-03602,0
EMP-03603,0
EMP-03604,0
EMP-03605,0
EMP-03606,0
EMP-03607,0
EMP-03608,0
EMP-03609,0
EMP-03610,0
EMP-03611,0
EMP-03612,0
EMP-03613,0
EMP-03614,1
EMP-03615,0
EMP-03616,0
EMP-03617,0
EMP-03618,0
EMP-03619,2
EMP-03620,0
EMP-03621,1
EMP-03622,0
EMP-03623,0
EMP-03624,1
EMP-03625,0
EMP-03626,0
EMP-03627,0
EMP-03628,0
EMP-03629,0
EMP-03630,4
EMP-03631,0
EMP-03632,0
EMP-03633,0
EMP-03634,0
EMP-03635,3
EMP-03636,0
EMP-03637,0
EMP-03638,0
EMP-03639,0
EMP-03640,0
EMP-03641,1
EMP-03642,0
EMP-03643,0
EMP-03644,0
EMP-03645,0
EMP-03646,0
EMP-03647,0
EMP-03648,0
EMP-03649,0
EMP-03650,0
EMP-03651,0
EMP-03652,0
EMP-03653,1
EMP-03654,0
EMP-03655,0
EMP-03656,0
EMP-03657,0
EMP-03658,0
EMP-03659,0
EMP-03660,0
EMP-03661,0
EMP-03662,0
EMP-03663,0
EMP-03664,0
EMP-03665,0
EMP-03666,4
EMP-03667,0
EMP-03668,0
EMP-03669,1
EMP-03670,0
EMP-03671,3
EMP-03672,0
EMP-03673,0
EMP-03674,0
EMP-03675,0
EMP-03676,0
EMP-03677,0
EMP-03678,0
EMP-03679,0
EMP-03680,0
EMP-03681,0
EMP-03682,0
EMP-03683,0
EMP-03684,0
EMP-03685,4
EMP-03686,0
EMP-03687,0
EMP-03688,0
EMP-03689,0
EMP-03690,0
EMP-03691,0
EMP-03692,0
EMP-03693,1
EMP-03694,2
EMP-03695,0
EMP-03696,0
EMP-03697,0
EMP-03698,0
EMP-03699,0
EMP-03700,0
EMP-03701,2
EMP-03702,0
EMP-03703,1
EMP-03704,0
EMP-03705,0
EMP-03706,2
EMP-03707,0
EMP-03708,0
EMP-03709,0
EMP-03710,0
EMP-03711,0
EMP-03712,0
EMP-03713,0
EMP-03714,0
EMP-03715,1
EMP-03716,0
EMP-03717,0
EMP-03718,0
EMP-03719,0
EMP-03720,2
EMP-03721,0
EMP-03722,0
EMP-03723,0
EMP-03724,0
EMP-03725,3
EMP-03726,0
EMP-03727,3
EMP-03728,2
EMP-03729,0
EMP-03730,0
EMP-03731,0
EMP-03732,0
EMP-03733,0
EMP-03734,0
EMP-03735,0
EMP-03736,0
EMP-03737,3
EMP-03738,0
EMP-03739,1
EMP-03740,2
EMP-03741,0
EMP-03742,1
EMP-03743,0
EMP-03744,1
EMP-03745,0
EMP-03746,0
EMP-03747,0
EMP-03748,0
EMP-03749,0
EMP-03750,0
EMP-03751,0
EMP-03752,0
EMP-03753,3
EMP-03754,3
EMP-03755,4
EMP-03756,0
EMP-03757,0
EMP-03758,0
EMP-03759,1
EMP-03760,0
EMP-03761,0
EMP-03762,0
EMP-03763,0
EMP-03764,0
EMP-03765,0
EMP-03766,0
EMP-03767,0
EMP-03768,0
EMP-03769,0
EMP-03770,0
EMP-03771,0
EMP-03772,0
EMP-03773,0
EMP-03774,0
EMP-03775,4
EMP-03776,0
EMP-03777,0
EMP-03778,0
EMP-03779,0
EMP-03780,2
EMP-03781,0
EMP-03782,0
EMP-03783,0
EMP-03784,0
EMP-03785,2
EMP-03786,0
EMP-03787,0
EMP-03788,2
EMP-03789,0
EMP-03790,1
EMP-03791,1
EMP-03792,3
EMP-03793,0
EMP-03794,0
EMP-03795,0
EMP-03796,0
EMP-03797,0
EMP-03798,0
EMP-03799,0
EMP-03800,0
EMP-03801,0
EMP-03802,0
EMP-03803,2
EMP-03804,0
EMP-03805,0
EMP-03806,0
EMP-03807,0
EMP-03808,4
EMP-03809,1
EMP-03810,0
EMP-03811,0
EMP-03812,3
EMP-03813,3
EMP-03814,0
EMP-03815,0
EMP-03816,2
EMP-03817,0
EMP-03818,0
EMP-03819,0
EMP-03820,0
EMP-03821,0
EMP-03822,0
EMP-03823,0
EMP-03824,0
EMP-03825,0
EMP-03826,0
EMP-03827,0
EMP-03828,0
EMP-03829,0
EMP-03830,0
EMP-03831,0
EMP-03832,0
EMP-03833,0
EMP-03834,0
EMP-03835,1
EMP-03836,0
EMP-03837,2
EMP-03838,0
EMP-03839,1
EMP-03840,0
EMP-03841,4
EMP-03842,0
EMP-03843,2
EMP-03844,3
EMP-03845,0
EMP-03846,0
EMP-03847,0
EMP-03848,0
EMP-03849,0
EMP-03850,0
EMP-03851,0
EMP-03852,0
EMP-03853,0
EMP-03854,2
EMP-03855,0
EMP-03856,0
EMP-03857,0
EMP-03858,0
EMP-03859,0
EMP-03860,0
EMP-03861,3
EMP-03862,1
EMP-03863,0
EMP-03864,0
EMP-03865,0
EMP-03866,0
EMP-03867,3
EMP-03868,0
EMP-03869,0
EMP-03870,0
EMP-03871,0
EMP-03872,0
EMP-03873,0
EMP-03874,0
EMP-03875,0
EMP-03876,0
EMP-03877,0
EMP-03878,0
EMP-03879,3
EMP-03880,0
EMP-03881,0
EMP-03882,0
EMP-03883,0
EMP-03884,1
EMP-03885,0
EMP-03886,0
EMP-03887,0
EMP-03888,0
EMP-03889,0
EMP-03890,0
EMP-03891,0
EMP-03892,1
EMP-03893,0
EMP-03894,0
EMP-03895,0
EMP-03896,0
EMP-03897,1
EMP-03898,0
EMP-03899,0
EMP-03900,3
EMP-03901,1
EMP-03902,0
EMP-03903,0
EMP-03904,0
EMP-03905,0
EMP-03906,1
EMP-03907,0
EMP-03908,0
EMP-03909,0
EMP-03910,0
EMP-03911,0
EMP-03912,0
EMP-03913,0
EMP-03914,0
EMP-03915,0
EMP-03916,0
EMP-03917,1
EMP-03918,0
EMP-03919,0
EMP-03920,0
EMP-03921,0
EMP-03922,3
EMP-03923,0
EMP-03924,0
EMP-03925,0
EMP-03926,3
EMP-03927,0
EMP-03928,1
EMP-03929,0
EMP-03930,0
EMP-03931,0
EMP-03932,0
EMP-03933,0
EMP-03934,0
EMP-03935,3
EMP-03936,0
EMP-03937,3
EMP-03938,0
EMP-03939,0
EMP-03940,1
EMP-03941,0
EMP-03942,0
EMP-03943,0
EMP-03944,0
EMP-03945,0
EMP-03946,0
EMP-03947,0
EMP-03948,0
EMP-03949,0
EMP-03950,0
EMP-03951,0
EMP-03952,0
EMP-03953,0
EMP-03954,0
EMP-03955,4
EMP-03956,0
EMP-03957,0
EMP-03958,0
EMP-03959,0
EMP-03960,0
EMP-03961,3
EMP-03962,3
EMP-03963,0
EMP-03964,0
EMP-03965,0
EMP-03966,1
EMP-03967,0
EMP-03968,4
EMP-03969,0
EMP-03970,0
EMP-03971,0
EMP-03972,1
EMP-03973,0
EMP-03974,3
EMP-03975,0
EMP-03976,0
EMP-03977,0
EMP-03978,0
EMP-03979,2
EMP-03980,0
EMP-03981,0
EMP-03982,0
EMP-03983,0
EMP-03984,0
EMP-03985,0
EMP-03986,0
EMP-03987,0
EMP-03988,0
EMP-03989,0
EMP-03990,0
EMP-03991,0
EMP-03992,0
EMP-03993,0
EMP-03994,0
EMP-03995,0
EMP-03996,4
EMP-03997,0
EMP-03998,0
EMP-03999,0
EMP-04000,0
EMP-04001,0
EMP-04002,0
EMP-04003,0
EMP-04004,0
EMP-04005,0
EMP-04006,0
EMP-04007,0
EMP-04008,0
EMP-04009,0
EMP-04010,0
EMP-04011,0
EMP-04012,0
EMP-04013,0
EMP-04014,2
EMP-04015,0
EMP-04016,0
EMP-04017,2
EMP-04018,0
EMP-04019,0
EMP-04020,0
EMP-04021,0
EMP-04022,0
EMP-04023,0
EMP-04024,0
EMP-04025,0
EMP-04026,0
EMP-04027,0
EMP-04028,0
EMP-04029,0
EMP-04030,0
EMP-04031,0
EMP-04032,0
EMP-04033,0
EMP-04034,0
EMP-04035,0
EMP-04036,0
EMP-04037,0
EMP-04038,0
EMP-04039,0
EMP-04040,0
EMP-04041,0
EMP-04042,3
EMP-04043,0
EMP-04044,0
EMP-04045,3
EMP-04046,0
EMP-04047,0
EMP-04048,0
EMP-04049,0
EMP-04050,0
EMP-04051,0
EMP-04052,0
EMP-04053,0
EMP-04054,0
EMP-04055,0
EMP-04056,0
EMP-04057,0
EMP-04058,0
EMP-04059,1
EMP-04060,0
EMP-04061,0
EMP-04062,3
EMP-04063,2
EMP-04064,0
EMP-04065,0
EMP-04066,0
EMP-04067,0
EMP-04068,0
EMP-04069,0
EMP-04070,0
EMP-04071,0
EMP-04072,0
EMP-04073,1
EMP-04074,0
EMP-04075,0
EMP-04076,3
EMP-04077,0
EMP-04078,0
EMP-04079,0
EMP-04080,0
EMP-04081,0
EMP-04082,3
EMP-04083,0
EMP-04084,0
EMP-04085,0
EMP-04086,2
EMP-04087,0
EMP-04088,0
EMP-04089,0
EMP-04090,2
EMP-04091,0
EMP-04092,0
EMP-04093,0
EMP-04094,1
EMP-04095,2
EMP-04096,1
EMP-04097,0
EMP-04098,0
EMP-04099,0
EMP-04100,0
EMP-04101,0
EMP-04102,0
EMP-04103,0
EMP-04104,0
EMP-04105,3
EMP-04106,0
EMP-04107,0
EMP-04108,1
EMP-04109,0
EMP-04110,0
EMP-04111,0
EMP-04112,1
EMP-04113,0
EMP-04114,0
EMP-04115,0
EMP-04116,0
EMP-04117,0
EMP-04118,0
EMP-04119,0
EMP-04120,0
EMP-04121,1
EMP-04122,0
EMP-04123,0
EMP-04124,0
EMP-04125,0
EMP-04126,0
EMP-04127,0
EMP-04128,0
EMP-04129,0
EMP-04130,0
EMP-04131,1
EMP-04132,0
EMP-04133,0
EMP-04134,0
EMP-04135,0
EMP-04136,0
EMP-04137,0
EMP-04138,1
EMP-04139,1
EMP-04140,0
EMP-04141,1
EMP-04142,0
EMP-04143,0
EMP-04144,0
EMP-04145,0
EMP-04146,0
EMP-04147,0
EMP-04148,3
EMP-04149,0
EMP-04150,0
EMP-04151,0
EMP-04152,4
EMP-04153,0
EMP-04154,0
EMP-04155,0
EMP-04156,0
EMP-04157,0
EMP-04158,0
EMP-04159,0
EMP-04160,0
EMP-04161,0
EMP-04162,0
EMP-04163,0
EMP-04164,0
EMP-04165,0
EMP-04166,2
EMP-04167,0
EMP-04168,0
EMP-04169,0
EMP-04170,0
EMP-04171,0
EMP-04172,0
EMP-04173,1
EMP-04174,1
EMP-04175,0
EMP-04176,0
EMP-04177,0
EMP-04178,0
EMP-04179,0
EMP-04180,0
EMP-04181,0
EMP-04182,0
EMP-04183,0
EMP-04184,0
EMP-04185,0
EMP-04186,4
EMP-04187,4
EMP-04188,0
EMP-04189,0
EMP-04190,0
EMP-04191,0
EMP-04192,0
EMP-04193,0
EMP-04194,1
EMP-04195,0
EMP-04196,0
EMP-04197,0
EMP-04198,2
EMP-04199,0
EMP-04200,0
EMP-04201,0
EMP-04202,0
EMP-04203,0
EMP-04204,0
EMP-04205,0
EMP-04206,0
EMP-04207,2
EMP-04208,0
EMP-04209,4
EMP-04210,0
EMP-04211,2
EMP-04212,0
EMP-04213,0
EMP-04214,0
EMP-04215,0
EMP-04216,0
EMP-04217,0
EMP-04218,0
EMP-04219,0
EMP-04220,3
EMP-04221,0
EMP-04222,3
EMP-04223,1
EMP-04224,3
EMP-04225,0
EMP-04226,3
EMP-04227,0
EMP-04228,0
EMP-04229,0
EMP-04230,1
EMP-04231,2
EMP-04232,0
EMP-04233,0
EMP-04234,0
EMP-04235,4
EMP-04236,0
EMP-04237,0
EMP-04238,0
EMP-04239,0
EMP-04240,0
EMP-04241,0
EMP-04242,3
EMP-04243,0
EMP-04244,4
EMP-04245,0
EMP-04246,0
EMP-04247,0
EMP-04248,0
EMP-04249,0
EMP-04250,3
EMP-04251,0
EMP-04252,3
EMP-04253,0
EMP-04254,0
EMP-04255,0
EMP-04256,0
EMP-04257,0
EMP-04258,0
EMP-04259,2
EMP-04260,0
EMP-04261,0
EMP-04262,0
EMP-04263,2
EMP-04264,0
EMP-04265,0
EMP-04266,0
EMP-04267,0
EMP-04268,1
EMP-04269,0
EMP-04270,0
EMP-04271,0
EMP-04272,0
EMP-04273,0
EMP-04274,0
EMP-04275,0
EMP-04276,3
EMP-04277,0
EMP-04278,0
EMP-04279,0
EMP-04280,0
EMP-04281,0
EMP-04282,1
EMP-04283,0
EMP-04284,0
EMP-04285,0
EMP-04286,0
EMP-04287,0
EMP-04288,0
EMP-04289,3
EMP-04290,0
EMP-04291,0
EMP-04292,0
EMP-04293,2
EMP-04294,4
EMP-04295,0
EMP-04296,0
EMP-04297,0
EMP-04298,0
EMP-04299,0
EMP-04300,0
EMP-04301,0
EMP-04302,0
EMP-04303,0
EMP-04304,0
EMP-04305,0
EMP-04306,0
EMP-04307,0
EMP-04308,1
EMP-04309,0
EMP-04310,0
EMP-04311,1
EMP-04312,0
EMP-04313,0
EMP-04314,0
EMP-04315,0
EMP-04316,4
EMP-04317,0
EMP-04318,0
EMP-04319,1
EMP-04320,0
EMP-04321,0
EMP-04322,0
EMP-04323,0
EMP-04324,2
EMP-04325,0
EMP-04326,0
EMP-04327,0
EMP-04328,0
EMP-04329,0
EMP-04330,0
EMP-04331,0
EMP-04332,0
EMP-04333,0
EMP-04334,2
EMP-04335,0
EMP-04336,0
EMP-04337,0
EMP-04338,0
EMP-04339,0
EMP-04340,1
EMP-04341,0
EMP-04342,3
EMP-04343,0
EMP-04344,0
EMP-04345,0
EMP-04346,0
EMP-04347,0
EMP-04348,0
EMP-04349,1
EMP-04350,3
EMP-04351,0
EMP-04352,0
EMP-04353,0
EMP-04354,0
EMP-04355,0
EMP-04356,2
EMP-04357,0
EMP-04358,0
EMP-04359,0
EMP-04360,0
EMP-04361,0
EMP-04362,0
EMP-04363,0
EMP-04364,2
EMP-04365,1
EMP-04366,1
EMP-04367,0
EMP-04368,3
EMP-04369,0
EMP-04370,2
EMP-04371,0
EMP-04372,0
EMP-04373,0
EMP-04374,0
EMP-04375,0
EMP-04376,0
EMP-04377,0
EMP-04378,0
EMP-04379,0
EMP-04380,0
EMP-04381,0
EMP-04382,0
EMP-04383,0
EMP-04384,0
EMP-04385,0
EMP-04386,0
EMP-04387,0
EMP-04388,1
EMP-04389,0
EMP-04390,0
EMP-04391,0
EMP-04392,0
EMP-04393,1
EMP-04394,0
EMP-04395,0
EMP-04396,0
EMP-04397,1
EMP-04398,0
EMP-04399,1
EMP-04400,0
EMP-04401,0
EMP-04402,0
EMP-04403,0
EMP-04404,0
EMP-04405,0
EMP-04406,0
EMP-04407,0
EMP-04408,0
EMP-04409,0
EMP-04410,4
EMP-04411,0
EMP-04412,2
EMP-04413,0
EMP-04414,0
EMP-04415,0
EMP-04416,0
EMP-04417,0
EMP-04418,0
EMP-04419,0
EMP-04420,0
EMP-04421,0
EMP-04422,0
EMP-04423,0
EMP-04424,0
EMP-04425,0
EMP-04426,0
EMP-04427,0
EMP-04428,0
EMP-04429,0
EMP-04430,0
EMP-04431,0
EMP-04432,1
EMP-04433,0
EMP-04434,0
EMP-04435,0
EMP-04436,1
EMP-04437,0
EMP-04438,0
EMP-04439,0
EMP-04440,3
EMP-04441,0
EMP-04442,0
EMP-04443,0
EMP-04444,0
EMP-04445,0
EMP-04446,0
EMP-04447,1
EMP-04448,0
EMP-04449,0
EMP-04450,0
EMP-04451,0
EMP-04452,0
EMP-04453,0
EMP-04454,0
EMP-04455,0
EMP-04456,1
EMP-04457,0
EMP-04458,1
EMP-04459,0
EMP-04460,0
EMP-04461,0
EMP-04462,0
EMP-04463,0
EMP-04464,0
EMP-04465,0
EMP-04466,0
EMP-04467,0
EMP-04468,0
EMP-04469,0
EMP-04470,2
EMP-04471,0
EMP-04472,0
EMP-04473,0
EMP-04474,0
EMP-04475,0
EMP-04476,0
EMP-04477,2
EMP-04478,0
EMP-04479,0
EMP-04480,2
EMP-04481,0
EMP-04482,2
EMP-04483,1
EMP-04484,0
EMP-04485,0
EMP-04486,0
EMP-04487,0
EMP-04488,0
EMP-04489,0
EMP-04490,0
EMP-04491,0
EMP-04492,0
EMP-04493,0
EMP-04494,3
EMP-04495,2
EMP-04496,0
EMP-04497,0
EMP-04498,0
EMP-04499,3
EMP-04500,0
EMP-04501,0
EMP-04502,0
EMP-04503,0
EMP-04504,0
EMP-04505,0
EMP-04506,0
EMP-04507,0
EMP-04508,0
EMP-04509,0
EMP-04510,0
EMP-04511,1
EMP-04512,0
EMP-04513,0
EMP-04514,0
EMP-04515,0
EMP-04516,0
EMP-04517,0
EMP-04518,2
EMP-04519,0
EMP-04520,0
EMP-04521,0
EMP-04522,0
EMP-04523,0
EMP-04524,4
EMP-04525,0
EMP-04526,0
EMP-04527,0
EMP-04528,0
EMP-04529,0
EMP-04530,0
EMP-04531,0
EMP-04532,0
EMP-04533,0
EMP-04534,0
EMP-04535,0
EMP-04536,0
EMP-04537,0
EMP-04538,0
EMP-04539,0
EMP-04540,1
EMP-04541,1
EMP-04542,0
EMP-04543,0
EMP-04544,0
EMP-04545,1
EMP-04546,0
EMP-04547,0
EMP-04548,1
EMP-04549,0
EMP-04550,0
EMP-04551,0
EMP-04552,0
EMP-04553,0
EMP-04554,3
EMP-04555,1
EMP-04556,0
EMP-04557,0
EMP-04558,0
EMP-04559,0
EMP-04560,0
EMP-04561,0
EMP-04562,2
EMP-04563,0
EMP-04564,0
EMP-04565,0
EMP-04566,0
EMP-04567,0
EMP-04568,4
EMP-04569,0
EMP-04570,0
EMP-04571,0
EMP-04572,0
EMP-04573,0
EMP-04574,0
EMP-04575,2
EMP-04576,0
EMP-04577,2
EMP-04578,0
EMP-04579,1
EMP-04580,0
EMP-04581,0
EMP-04582,0
EMP-04583,0
EMP-04584,1
EMP-04585,4
EMP-04586,0
EMP-04587,3
EMP-04588,0
EMP-04589,0
EMP-04590,0
EMP-04591,0
EMP-04592,0
EMP-04593,0
EMP-04594,0
EMP-04595,0
EMP-04596,2
EMP-04597,0
EMP-04598,0
EMP-04599,0
EMP-04600,0
EMP-04601,0
EMP-04602,0
EMP-04603,1
EMP-04604,0
EMP-04605,0
EMP-04606,0
EMP-04607,0
EMP-04608,0
EMP-04609,0
EMP-04610,3
EMP-04611,3
EMP-04612,0
EMP-04613,0
EMP-04614,3
EMP-04615,0
EMP-04616,4
EMP-04617,0
EMP-04618,0
EMP-04619,0
EMP-04620,2
EMP-04621,0
EMP-04622,2
EMP-04623,0
EMP-04624,0
EMP-04625,0
EMP-04626,0
EMP-04627,0
EMP-04628,0
EMP-04629,1
EMP-04630,2
EMP-04631,0
EMP-04632,0
EMP-04633,0
EMP-04634,0
EMP-04635,0
EMP-04636,0
EMP-04637,3
EMP-04638,0
EMP-04639,0
EMP-04640,0
EMP-04641,3
EMP-04642,0
EMP-04643,0
EMP-04644,0
EMP-04645,0
EMP-04646,0
EMP-04647,0
EMP-04648,0
EMP-04649,0
EMP-04650,0
EMP-04651,0
EMP-04652,0
EMP-04653,0
EMP-04654,0
EMP-04655,0
EMP-04656,0
EMP-04657,2
EMP-04658,0
EMP-04659,0
EMP-04660,0
EMP-04661,0
EMP-04662,0
EMP-04663,0
EMP-04664,0
EMP-04665,3
EMP-04666,0
EMP-04667,4
EMP-04668,0
EMP-04669,0
EMP-04670,0
EMP-04671,0
EMP-04672,0
EMP-04673,0
EMP-04674,0
EMP-04675,0
EMP-04676,0
EMP-04677,0
EMP-04678,0
EMP-04679,0
EMP-04680,0
EMP-04681,0
EMP-04682,0
EMP-04683,0
EMP-04684,0
EMP-04685,0
EMP-04686,0
EMP-04687,1
EMP-04688,0
EMP-04689,0
EMP-04690,0
EMP-04691,0
EMP-04692,0
EMP-04693,0
EMP-04694,1
EMP-04695,0
EMP-04696,3
EMP-04697,0
EMP-04698,0
EMP-04699,0
EMP-04700,1
EMP-04701,4
EMP-04702,0
EMP-04703,0
EMP-04704,0
EMP-04705,0
EMP-04706,3
EMP-04707,1
EMP-04708,0
EMP-04709,4
EMP-04710,1
EMP-04711,0
EMP-04712,0
EMP-04713,0
EMP-04714,0
EMP-04715,0
EMP-04716,0
EMP-04717,0
EMP-04718,0
EMP-04719,0
EMP-04720,0
EMP-04721,0
EMP-04722,0
EMP-04723,0
EMP-04724,0
EMP-04725,0
EMP-04726,0
EMP-04727,3
EMP-04728,0
EMP-04729,0
EMP-04730,0
EMP-04731,0
EMP-04732,0
EMP-04733,0
EMP-04734,0
EMP-04735,0
EMP-04736,0
EMP-04737,0
EMP-04738,0
EMP-04739,0
EMP-04740,0
EMP-04741,0
EMP-04742,0
EMP-04743,0
EMP-04744,0
EMP-04745,0
EMP-04746,0
EMP-04747,0
EMP-04748,0
EMP-04749,0
EMP-04750,0
EMP-04751,3
EMP-04752,0
EMP-04753,1
EMP-04754,1
EMP-04755,0
EMP-04756,0
EMP-04757,0
EMP-04758,0
EMP-04759,0
EMP-04760,0
EMP-04761,1
EMP-04762,2
EMP-04763,0
EMP-04764,0
EMP-04765,0
EMP-04766,0
EMP-04767,0
EMP-04768,0
EMP-04769,0
EMP-04770,0
EMP-04771,0
EMP-04772,0
EMP-04773,0
EMP-04774,0
EMP-04775,0
EMP-04776,0
EMP-04777,0
EMP-04778,0
EMP-04779,0
EMP-04780,3
EMP-04781,0
EMP-04782,0
EMP-04783,0
EMP-04784,0
EMP-04785,0
EMP-04786,0
EMP-04787,0
EMP-04788,0
EMP-04789,2
EMP-04790,0
EMP-04791,0
EMP-04792,0
EMP-04793,2
EMP-04794,1
EMP-04795,1
EMP-04796,2
EMP-04797,0
EMP-04798,0
EMP-04799,0
EMP-04800,0
EMP-04801,0
EMP-04802,0
EMP-04803,0
EMP-04804,0
EMP-04805,0
EMP-04806,0
EMP-04807,1
EMP-04808,0
EMP-04809,2
EMP-04810,0
EMP-04811,0
EMP-04812,0
EMP-04813,0
EMP-04814,0
EMP-04815,0
EMP-04816,3
EMP-04817,0
EMP-04818,0
EMP-04819,0
EMP-04820,0
EMP-04821,3
EMP-04822,1
EMP-04823,1
EMP-04824,0
EMP-04825,0
EMP-04826,0
EMP-04827,2
EMP-04828,0
EMP-04829,0
EMP-04830,0
EMP-04831,0
EMP-04832,1
EMP-04833,0
EMP-04834,0
EMP-04835,0
EMP-04836,0
EMP-04837,0
EMP-04838,0
EMP-04839,0
EMP-04840,0
EMP-04841,0
EMP-04842,0
EMP-04843,0
EMP-04844,0
EMP-04845,0
EMP-04846,0
EMP-04847,0
EMP-04848,0
EMP-04849,0
EMP-04850,0
EMP-04851,0
EMP-04852,0
EMP-04853,0
EMP-04854,0
EMP-04855,0
EMP-04856,0
EMP-04857,0
EMP-04858,0
EMP-04859,0
EMP-04860,0
EMP-04861,0
EMP-04862,3
EMP-04863,0
EMP-04864,0
EMP-04865,0
EMP-04866,0
EMP-04867,0
EMP-04868,0
EMP-04869,0
EMP-04870,0
EMP-04871,0
EMP-04872,0
EMP-04873,0
EMP-04874,0
EMP-04875,2
EMP-04876,0
EMP-04877,2
EMP-04878,0
EMP-04879,0
EMP-04880,3
EMP-04881,0
EMP-04882,0
EMP-04883,0
EMP-04884,2
EMP-04885,0
EMP-04886,0
EMP-04887,0
EMP-04888,3
EMP-04889,3
EMP-04890,0
EMP-04891,0
EMP-04892,2
EMP-04893,0
EMP-04894,2
EMP-04895,0
EMP-04896,1
EMP-04897,0
EMP-04898,0
EMP-04899,0
EMP-04900,0
EMP-04901,4
EMP-04902,3
EMP-04903,0
EMP-04904,0
EMP-04905,0
EMP-04906,1
EMP-04907,0
EMP-04908,0
EMP-04909,0
EMP-04910,0
EMP-04911,0
EMP-04912,0
EMP-04913,1
EMP-04914,0
EMP-04915,0
EMP-04916,0
EMP-04917,0
EMP-04918,0
EMP-04919,0
EMP-04920,0
EMP-04921,1
EMP-04922,0
EMP-04923,0
EMP-04924,0
EMP-04925,0
EMP-04926,0
EMP-04927,0
EMP-04928,0
EMP-04929,0
EMP-04930,0
EMP-04931,0
EMP-04932,0
EMP-04933,0
EMP-04934,0
EMP-04935,0
EMP-04936,0
EMP-04937,0
EMP-04938,0
EMP-04939,0
EMP-04940,3
EMP-04941,0
EMP-04942,0
EMP-04943,0
EMP-04944,0
EMP-04945,0
EMP-04946,0
EMP-04947,0
EMP-04948,1
EMP-04949,0
EMP-04950,0
EMP-04951,0
EMP-04952,0
EMP-04953,0
EMP-04954,1
EMP-04955,0
EMP-04956,0
EMP-04957,0
EMP-04958,0
EMP-04959,0
EMP-04960,0
EMP-04961,0
EMP-04962,0
EMP-04963,2
EMP-04964,0
EMP-04965,0
EMP-04966,0
EMP-04967,1
EMP-04968,0
EMP-04969,0
EMP-04970,0
EMP-04971,0
EMP-04972,1
EMP-04973,0
EMP-04974,0
EMP-04975,0
EMP-04976,1
EMP-04977,0
EMP-04978,0
EMP-04979,4
EMP-04980,3
EMP-04981,0
EMP-04982,0
EMP-04983,0
EMP-04984,0
EMP-04985,1
EMP-04986,0
EMP-04987,0
EMP-04988,0
EMP-04989,0
EMP-04990,0
EMP-04991,0
EMP-04992,0
EMP-04993,2
EMP-04994,0
EMP-04995,0
EMP-04996,0
EMP-04997,0
EMP-04998,3
EMP-04999,0
EMP-05000,0
